Location,FBR Rates,Size,Price,Badroom,Bathroom,Kitchen,Parking Spot,No of Gardens,Servant quarter,Swimming pool,Powder room,Power backup,Gated society,Society security,Lane security,Year of Construction,No of Stories,Brand New,Furnished
Bahria Town,12000,200,13500000,3,3,1,2,1,1,0,1,1,1,1,1,2018,2,1,0
Bahria Town,12000,200,20000000,3,3,1,2,1,1,1,1,1,1,1,1,2017,1,1,1
Bahria Town,12000,235,7800000,3,3,1,2,1,1,0,1,1,1,1,1,2018,1,1,0
Bahria Town,12000,200,2400000,3,3,2,2,0,1,0,0,0,0,0,0,2015,1,1,0
Bahria Town,12000,200,2400000,4,4,0,0,0,0,0,0,0,0,0,0,2014,2,0,0
Bahria Town,12000,200,4000000,4,4,1,0,0,0,0,0,0,0,0,0,2014,2,0,0
Bahria Town,12000,200,20000000,3,3,1,0,0,1,0,0,0,0,0,0,2014,2,1,0
Bahria Town,12000,500,45000000,5,5,0,0,0,0,0,0,0,0,0,0,2014,2,Null,0
Bahria Town,12000,242,18000000,3,3,1,1,0,0,0,0,0,0,0,0,2014,2,Null,0
Bahria Town,12000,200,14000000,3,3,1,0,0,0,0,0,0,0,0,0,2014,2,Null,0
Bahria Town,12000,242,11500000,3,3,1,1,0,0,0,0,0,0,0,0,2014,2,Null,0
Bahria Town,12000,200,9500000,2,1,2,1,0,0,0,0,0,0,0,0,2014,1,Null,0
Bahria Town,12000,423.5,13900000,3,3,1,1,0,0,0,0,0,0,0,0,2014,2,Null,0
Bahria Town,12000,242,6500000,3,3,1,1,0,0,0,0,0,0,0,0,2014,2,Null,0
Bahria Town,12000,150,13500000,3,3,1,1,0,0,0,0,0,0,0,0,2014,2,Null,0
Bahria Town,12000,120,13800000,3,3,2,2,0,0,0,0,0,0,0,0,2014,2,Null,0
Bahria Town,12000,200,19000000,3,3,2,1,0,0,0,0,0,0,0,0,2014,2,Null,0
Bahria Town,12000,150,13500000,3,3,1,0,0,0,0,0,0,0,0,0,2014,2,Null,0
Bahria Town,12000,242,1600000,3,3,1,0,0,0,0,0,0,0,0,0,2014,2,Null,0
Bahria Town,12000,242,2700000,3,4,0,0,0,0,0,0,0,0,0,0,2014,1,Null,0
Bahria Town,12000,151.25,4200000,3,3,1,0,0,0,0,0,0,0,0,0,2014,2,Null,0
Baldia Town,12000,151.25,4400000,6,6,2,1,0,0,0,0,0,0,0,0,2007,3,0,0
Baldia Town,12000,120,8500000,10,8,2,0,0,1,0,0,0,0,0,0,2004,3,0,0
Baldia Town,12000,260,7800000,10,10,3,2,0,0,0,0,0,0,0,0,1994,2,0,0
Baldia Town,12000,120,5500000,4,3,1,1,0,0,0,0,0,0,0,0,2004,2,0,1
Baloch Colony,13200,245,13000000,5,4,1,1,0,0,0,0,0,0,0,0,2002,2,0,1
Bin Qasim Town,4800,120,2800000,5,5,3,1,0,1,0,0,0,0,0,0,2006,3,1,0
Buffer Zone,13200,120,21000000,4,4,2,0,0,0,0,0,0,0,0,0,2000,2,0,1
Buffer Zone,13200,120,12000000,3,3,1,0,0,0,0,1,0,0,0,0,2019,1,1,0
Buffer Zone,13200,80,1200000,2,2,1,1,0,0,0,0,0,0,0,0,2018,1,1,0
Buffer Zone,13200,120,11000000,6,6,1,0,0,0,0,0,0,0,0,0,2000,3,0,0
Cattle colony,4800,250,100000,3,3,0,0,0,0,0,0,0,0,0,0,2015,2,1,0
Cattle colony,4800,220,15000000,4,4,1,1,1,0,0,0,0,0,0,0,2015,2,0,0
Cattle colony,4800,133.33,12500000,3,3,1,0,0,0,0,0,0,0,0,0,2015,2,Null,0
Clifton,48000,1000,50000000,11,11,2,4,2,0,0,0,0,0,0,0,2000,2,0,0
Clifton,48000,1000,92000000,8,6,1,5,1,0,0,0,0,0,0,0,1988,2,0,0
Clifton,48000,1000,75000000,6,7,2,5,1,1,0,0,0,0,0,0,2005,2,0,0
Clifton,48000,350,28500000,4,4,1,1,0,0,0,0,0,0,0,0,2000,2,0,0
Clifton,48000,350,28500000,4,4,1,1,0,0,0,0,0,0,0,0,2000,2,0,0
Clifton,48000,250,22500000,4,4,0,1,0,1,0,0,0,0,0,0,2000,1,0,0
Clifton,48000,200,1000000,3,3,1,2,0,0,0,0,0,0,1,0,2000,1,0,1
Clifton,48000,500,50000000,6,6,1,0,0,0,0,0,0,0,0,0,2000,2,Null,0
Clifton,48000,280,25000000,4,4,1,2,0,1,0,0,0,0,0,0,2000,2,Null,0
Clifton,48000,500,63000000,5,5,1,0,0,0,0,0,0,0,0,0,1988,2,Null,0
Clifton,48000,22,14000000,3,3,0,0,0,0,0,0,0,0,0,0,2000,1,Null,0
Clifton,48000,500,48000000,4,4,1,0,0,1,0,0,0,0,0,0,2000,2,Null,0
Clifton,48000,500,48000000,4,4,1,0,0,1,0,0,0,0,0,0,2000,2,Null,0
Clifton,48000,450,30500000,5,5,1,0,0,1,0,0,0,0,0,0,2000,2,Null,0
Clifton,48000,1700,28500000,7,7,1,0,0,1,0,0,0,0,0,0,1988,1,Null,0
Clifton,48000,250,36000000,3,3,1,0,0,0,0,0,0,0,0,0,2000,2,Null,0
Clifton,48000,250,30000000,4,4,1,0,0,0,0,0,0,0,0,0,2000,2,Null,0
Clifton,48000,250,30000000,4,4,1,0,0,0,0,0,0,0,0,0,2000,2,Null,0
Clifton,48000,280,25000000,4,4,1,2,0,1,0,0,0,0,0,0,2000,2,Null,0
Clifton,48000,270,21000000,4,4,1,1,0,1,0,0,0,0,0,0,2000,2,Null,0
Clifton,48000,250,20000000,4,4,1,1,1,1,0,0,0,0,0,0,2000,2,Null,0
Delhi Colony,13200,105.6,15000,3,3,1,0,0,0,0,0,0,0,0,0,2014,2,Null,0
Delhi Colony,13200,111,4000000,3,3,1,0,0,0,0,0,0,0,0,0,2014,2,Null,0
DHA (Defence),48000,300,85000000,5,6,2,3,1,1,1,1,1,1,1,1,2018,2,0,0
DHA (Defence),48000,299,195000000,7,8,3,6,1,1,1,1,1,1,1,1,2008,4,0,1
DHA (Defence),48000,300,65000000,4,5,1,3,1,1,0,1,0,1,1,1,2018,2,1,0
DHA (Defence),48000,100,32500000,3,3,1,1,1,0,0,0,0,0,1,1,2008,2,0,0
DHA (Defence),48000,300,79500000,4,5,1,1,1,1,0,1,0,0,1,1,2016,2,1,0
DHA (Defence),48000,300,65000000,4,4,1,1,0,1,0,1,0,0,1,1,2003,2,0,0
DHA (Defence),48000,300,52000000,4,5,1,1,1,1,0,0,0,0,1,1,2000,2,0,0
DHA (Defence),48000,300,47000000,6,6,2,1,1,1,0,0,0,0,1,1,1975,2,0,0
DHA (Defence),48000,550,92500000,5,6,2,4,1,1,0,1,1,0,1,1,1995,2,0,0
DHA (Defence),48000,300,65000000,4,4,2,2,1,1,0,1,0,0,0,0,2016,2,1,0
DHA (Defence),48000,500,74000000,5,5,2,3,1,1,0,1,0,0,0,0,2015,2,1,0
DHA (Defence),48000,600,46000000,6,6,2,4,1,1,0,1,0,0,0,0,1990,2,0,0
DHA (Defence),48000,500,68000000,6,6,2,3,1,0,0,0,0,0,0,0,2014,2,1,0
DHA (Defence),48000,300,50000006,6,6,2,3,1,0,0,0,0,0,0,0,2014,2,1,0
DHA (Defence),48000,300,40000007,5,5,2,0,1,0,0,0,0,0,0,0,2014,1,1,0
DHA (Defence),48000,600,175000000,6,8,0,0,1,1,1,1,1,0,1,1,2017,3,1,0
DHA (Defence),48000,1000,82500000,6,7,1,3,0,0,0,0,0,0,0,0,1999,2,0,0
DHA (Defence),48000,550,55000000,5,7,0,0,0,1,0,0,0,0,0,0,2000,2,0,0
DHA (Defence),48000,1000,120000000,7,8,2,0,0,1,0,0,0,0,0,0,2009,3,0,0
DHA (Defence),48000,1000,82500000,5,8,0,0,0,0,0,0,0,0,0,0,2003,2,0,0
DHA (Defence),48000,1000,125000000,5,7,2,0,0,0,0,0,0,0,0,0,2013,2,1,0
DHA (Defence),48000,500,45000000,5,7,1,0,0,0,0,0,0,0,0,0,2013,2,0,0
DHA (Defence),48000,500,41500000,5,7,0,0,0,0,0,0,0,0,0,0,2009,2,0,0
DHA (Defence),48000,1000,90000000,6,8,0,0,0,0,1,0,0,0,0,0,2013,2,0,0
DHA (Defence),48000,500,38500000,6,8,0,0,0,0,0,0,0,0,0,0,2013,2,0,0
DHA (Defence),48000,1000,62500000,6,8,0,0,0,0,0,0,0,0,0,0,2008,2,0,0
DHA (Defence),48000,500,45000000,5,7,1,0,0,0,0,0,0,0,0,0,2013,2,0,0
DHA (Defence),48000,500,59500000,5,6,0,0,0,0,0,0,0,0,0,0,2013,2,0,0
DHA (Defence),48000,500,45000000,5,7,0,0,0,0,0,0,0,0,0,0,2013,2,1,0
DHA (Defence),48000,500,47500000,5,7,3,0,0,0,0,0,0,0,0,0,2013,2,0,0
DHA (Defence),48000,500,47500000,5,7,0,0,0,0,0,0,0,0,0,0,2014,2,1,0
DHA (Defence),48000,1000,130000000,6,8,0,0,0,1,0,0,0,0,0,0,2014,2,1,0
DHA (Defence),48000,300,41000000,4,5,0,0,0,0,0,0,0,0,0,0,2013,2,1,0
DHA (Defence),48000,300,42500000,4,6,1,2,1,0,0,0,0,0,0,0,2012,2,0,0
DHA (Defence),48000,600,77500000,6,8,0,0,0,0,0,0,0,0,0,0,2013,2,0,0
DHA (Defence),48000,500,65000000,5,7,0,0,0,0,0,0,0,0,0,0,2014,2,0,0
DHA (Defence),48000,298,105000000,5,6,2,3,1,0,0,1,1,0,0,0,1995,2,0,0
DHA (Defence),48000,250,35000000,4,5,1,1,0,0,0,1,0,0,1,0,2003,2,0,0
DHA (Defence),48000,250,35000000,4,5,1,1,0,0,0,1,0,0,1,0,2003,2,0,0
DHA (Defence),48000,250,35000000,4,5,1,1,0,0,0,1,0,0,1,0,2003,2,0,0
DHA (Defence),48000,500,46000000,6,6,2,4,1,1,0,1,0,0,0,0,1990,2,0,0
DHA (Defence),48000,500,57500000,6,8,2,3,1,1,0,0,0,0,0,0,2014,2,1,0
DHA (Defence),48000,600,75000000,6,8,0,0,0,0,0,0,0,0,0,0,2014,2,1,0
DHA (Defence),48000,900,59000000,6,7,2,0,0,0,0,0,0,0,0,0,2013,2,0,0
DHA (Defence),48000,500,37500000,6,6,2,2,1,1,0,0,0,0,0,0,2014,2,0,0
DHA (Defence),48000,300,55000000,5,5,0,0,0,0,0,0,0,0,0,0,2013,2,1,0
DHA (Defence),48000,500,77500000,6,6,0,0,0,0,0,0,0,0,0,0,2014,2,1,0
DHA (Defence),48000,500,53000000,6,6,0,0,0,0,0,0,0,0,0,0,2014,2,1,0
DHA (Defence),48000,500,74000000,5,6,0,0,0,0,0,0,0,0,0,0,2014,2,1,0
DHA (Defence),48000,1000,140000000,6,8,1,0,0,0,0,0,0,0,0,0,2014,2,1,0
DHA (Defence),48000,500,69500000,5,7,1,3,0,0,0,0,0,0,0,0,2014,2,1,0
DHA (Defence),48000,800,84000000,6,7,1,3,0,0,0,0,0,0,0,0,2014,2,1,0
DHA (Defence),48000,600,63500000,6,8,1,3,1,0,0,0,0,0,0,0,2013,2,0,1
DHA (Defence),48000,500,59000000,5,7,0,0,0,0,0,0,0,0,0,0,2013,2,1,0
DHA (Defence),48000,1000,115000000,6,8,0,0,0,0,0,0,0,0,0,0,2014,2,1,0
DHA (Defence),48000,500,100000000,10,11,4,6,2,0,0,0,0,0,0,0,2014,2,1,0
DHA (Defence),48000,500,55000000,5,6,0,0,0,0,0,0,0,0,0,0,2014,2,1,0
DHA (Defence),48000,500,100000000,5,7,2,0,0,0,0,0,0,0,0,0,2013,2,1,0
DHA (Defence),48000,500,47000000,6,7,1,0,1,1,0,0,0,0,0,0,2014,2,1,0
DHA (Defence),48000,605,46500000,5,6,2,3,0,0,0,0,0,0,0,0,2013,2,Null,0
DHA (Defence),48000,400,37500000,4,4,1,2,0,0,0,0,0,0,0,0,2013,2,Null,0
DHA (Defence),48000,500,61000000,5,5,5,4,1,1,0,1,1,0,1,0,2015,2,Null,0
DHA (Defence),48000,666,77500000,8,10,0,0,0,0,0,0,0,0,0,0,2013,2,Null,0
DHA (Defence),48000,300,36000000,4,4,0,0,0,0,0,0,0,0,0,0,2013,2,Null,0
DHA (Defence),48000,500,48000000,4,4,0,0,0,0,0,0,0,0,0,0,2013,2,Null,0
DHA (Defence),48000,500,48000000,4,4,0,0,0,0,0,0,0,0,0,0,2013,2,Null,0
DHA (Defence),48000,500,55000000,5,5,0,0,1,1,0,1,0,0,0,0,2014,2,Null,0
DHA (Defence),48000,600,58000000,5,6,0,0,0,0,0,0,0,0,0,0,2013,2,Null,0
DHA (Defence),48000,500,77500000,5,6,1,0,0,0,0,0,0,0,0,0,2013,2,Null,0
DHA (Defence),48000,500,74000000,5,8,1,0,0,0,0,0,0,0,0,0,2013,2,Null,0
DHA (Defence),48000,500,64000000,5,7,1,0,0,0,0,0,0,0,0,0,2013,2,Null,0
DHA (Defence),48000,600,42500000,5,7,1,0,0,0,0,0,0,0,0,0,2013,2,Null,0
DHA (Defence),48000,600,42500000,5,6,1,0,0,0,0,0,0,0,0,0,2013,2,Null,0
DHA (Defence),48000,1000,120000000,6,8,1,0,0,0,0,0,0,0,0,0,2013,2,Null,0
DHA (Defence),48000,500,37500000,3,3,1,0,0,0,0,0,0,0,0,0,2013,2,Null,0
DHA (Defence),48000,1000,82500000,6,8,1,0,0,0,0,0,0,0,0,0,2013,2,Null,0
DHA (Defence),48000,1000,97500000,6,8,0,0,0,0,0,0,0,0,0,0,2013,2,Null,0
DHA (Defence),48000,600,44000000,5,5,0,0,0,0,0,0,0,0,0,0,2013,2,Null,0
DHA (Defence),48000,666,66500000,5,7,1,3,1,0,0,0,0,0,0,0,2014,2,Null,0
DHA (Defence),48000,1000,105000000,5,6,0,0,0,0,0,0,0,0,0,0,2013,2,Null,0
DHA (Defence),48000,666,67500000,5,6,0,0,0,0,0,0,0,0,0,0,2013,2,Null,0
DHA (Defence),48000,500,63500000,5,7,1,3,1,0,0,0,0,0,0,0,2014,2,Null,0
DHA (Defence),48000,1000,60000000,5,5,0,0,0,0,0,0,0,0,0,0,2013,2,Null,0
DHA (Defence),48000,1000,97500000,8,11,2,5,1,1,0,0,0,0,0,0,2000,2,Null,0
DHA (Defence),48000,800,82500000,6,7,2,3,1,0,0,0,0,0,0,0,2014,2,Null,0
DHA (Defence),48000,500,75000000,5,5,1,1,1,0,0,0,0,0,0,0,2014,2,Null,0
DHA (Defence),48000,500,63500000,5,7,1,0,0,0,0,0,0,0,0,0,2013,2,Null,0
DHA (Defence),48000,300,40000000,4,6,0,0,0,0,0,0,0,0,0,0,2013,2,Null,0
DHA (Defence),48000,300,42500000,4,6,0,0,0,0,0,0,0,0,0,0,2013,2,Null,0
DHA (Defence),48000,1000,67500000,6,7,0,0,0,0,0,0,0,0,0,0,2013,2,Null,0
DHA (Defence),48000,500,55000000,5,6,0,0,0,0,0,0,0,0,0,0,2013,2,Null,0
DHA (Defence),48000,600,65000000,5,8,2,0,0,0,0,0,0,0,0,0,2013,2,Null,0
DHA (Defence),48000,500,39000000,5,6,1,0,0,0,0,0,0,0,0,0,2013,2,Null,0
DHA (Defence),48000,300,37000000,4,5,0,0,0,0,0,0,0,0,0,0,2013,2,Null,0
DHA (Defence),48000,300,42500000,4,5,0,0,0,0,0,0,0,0,0,0,2013,2,Null,0
DHA (Defence),48000,300,40000000,4,5,0,0,0,0,0,0,0,0,0,0,2013,2,Null,0
DHA (Defence),48000,500,49000000,5,6,0,0,0,0,0,0,0,0,0,0,2013,2,Null,0
DHA (Defence),48000,600,54000000,6,7,0,0,0,0,0,0,0,0,0,0,2013,2,Null,0
DHA (Defence),48000,500,41000000,5,6,0,0,0,0,0,0,0,0,0,0,2013,2,Null,0
DHA (Defence),48000,300,39500000,4,6,0,0,0,0,0,0,0,0,0,0,2013,2,Null,0
DHA (Defence),48000,1000,57500000,6,7,0,0,0,0,1,0,0,0,0,0,2013,2,Null,0
DHA (Defence),48000,500,45000000,5,6,0,0,0,0,1,0,0,0,0,0,2013,2,Null,0
DHA (Defence),48000,500,35000000,5,6,0,0,0,0,0,0,0,0,0,0,2013,2,Null,0
DHA (Defence),48000,500,36000000,5,6,0,0,0,0,0,0,0,0,0,0,2013,2,Null,0
DHA Phase 1,48000,250,18000000,4,4,1,6,0,0,0,0,0,0,0,0,2000,2,0,0
DHA Phase 1,48000,250,18000000,4,4,1,6,0,0,0,0,0,0,0,0,2000,2,0,0
DHA Phase 1,48000,375,25000000,2,2,1,6,0,1,0,0,0,0,0,0,1985,1,0,0
DHA Phase 1,48000,1200,70000000,5,5,0,0,0,0,0,0,0,0,0,0,1970,1,0,0
DHA Phase 1,48000,1000,47500000,10,8,2,6,1,1,0,0,0,0,0,0,2002,2,0,1
DHA Phase 1,48000,1000,6000000,6,7,1,6,1,1,0,0,0,0,0,0,2002,2,1,1
DHA Phase 1,48000,1000,160000,3,3,1,0,0,0,0,0,0,0,0,0,2000,2,Null,0
DHA Phase 1,48000,1000,83000000,5,5,1,0,0,1,0,0,0,0,0,0,2000,2,Null,0
DHA Phase 1,48000,800,38500000,5,7,1,5,1,0,0,0,0,0,0,0,2002,2,Null,0
DHA Phase 1,48000,500,40000000,4,4,1,0,0,0,0,0,0,0,0,0,2000,2,Null,0
DHA Phase 2,48000,1000,45000000,4,5,1,4,1,1,0,0,0,0,0,0,1996,1,0,0
DHA Phase 2,48000,1100,40000000,6,5,2,6,1,1,0,0,0,0,0,0,1976,1,0,0
DHA Phase 2,48000,1000,115000000,5,5,1,3,1,1,0,0,0,0,0,0,1996,2,0,0
DHA Phase 2,48000,126,80000000,11,11,2,2,1,1,0,0,0,0,0,0,1996,2,0,1
DHA Phase 2,48000,568,97500000,4,4,1,0,0,0,0,0,0,0,0,0,1996,2,Null,0
DHA Phase 2,48000,180,25000000,6,6,1,0,0,0,0,0,0,0,0,0,1996,2,Null,0
DHA Phase 2,48000,330,33000000,3,3,1,0,0,0,0,0,0,0,0,0,1996,2,Null,0
DHA Phase 2,48000,1000,70000000,6,6,1,0,0,1,0,0,0,0,0,0,1996,2,Null,0
DHA Phase 4,48000,300,67500000,4,4,2,1,0,1,0,0,0,0,1,1,2000,2,0,0
DHA Phase 4,48000,300,70000000,6,7,2,2,1,1,0,1,0,0,0,0,2017,2,1,0
DHA Phase 4,48000,300,38000000,4,4,0,3,0,0,0,0,0,0,0,0,2016,2,0,0
DHA Phase 4,48000,300,17500000,4,4,1,4,0,0,0,0,0,0,0,0,1994,2,0,0
DHA Phase 4,48000,466,41500000,4,4,1,2,0,1,0,0,0,0,0,0,2012,2,1,0
DHA Phase 4,48000,300,18750000,3,3,2,2,1,1,0,0,0,0,0,0,2016,2,0,0
DHA Phase 4,48000,300,16500000,4,4,1,0,0,1,0,0,0,0,0,0,1994,2,0,0
DHA Phase 4,48000,300,18000000,4,4,1,4,0,0,0,0,0,0,0,0,1994,2,0,0
DHA Phase 4,48000,300,40000000,4,6,0,0,0,0,0,0,0,0,0,0,2012,2,1,0
DHA Phase 4,48000,300,46000000,4,4,0,0,0,0,0,0,0,0,0,0,2016,2,Null,0
DHA Phase 4,48000,300,50000000,5,5,1,0,0,0,0,0,0,0,0,0,2016,2,Null,0
DHA Phase 4,48000,363,39500000,4,4,0,0,0,0,0,0,0,0,0,0,2016,2,Null,0
DHA Phase 4,48000,363,40000000,4,5,0,0,0,0,0,0,0,0,0,0,2016,2,Null,0
DHA Phase 4,48000,363,39500000,4,4,0,0,0,0,0,0,0,0,0,0,2016,2,Null,0
DHA Phase 4,48000,363,40000000,4,6,0,0,0,0,0,0,0,0,0,0,2016,2,Null,0
DHA Phase 4,48000,363,38000000,4,4,0,0,0,0,0,0,0,0,0,0,2016,2,Null,0
DHA Phase 4,48000,300,38000000,4,4,1,0,0,0,0,0,0,0,0,0,2016,2,Null,0
DHA Phase 4,48000,300,40000000,4,4,1,0,0,0,0,0,0,0,0,0,2016,2,Null,0
DHA Phase 4,48000,300,37000000,4,4,1,0,0,0,0,0,0,0,0,0,2016,2,Null,0
DHA Phase 4,48000,300,37000000,4,4,1,0,0,0,0,0,0,0,0,0,2016,2,Null,0
DHA Phase 4,48000,300,37000000,4,4,1,0,0,0,0,0,0,0,0,0,2016,2,Null,0
DHA Phase 4,48000,300,38000000,4,4,1,0,0,0,0,0,0,0,0,0,2016,2,Null,0
DHA Phase 4,48000,300,40000000,4,4,1,0,0,0,0,0,0,0,0,0,2016,2,Null,0
DHA Phase 4,48000,300,38000000,4,4,1,0,0,0,0,0,0,0,0,0,2016,2,Null,0
DHA Phase 4,48000,300,40000000,4,4,1,0,0,0,0,0,0,0,0,0,2016,2,Null,0
DHA Phase 4,48000,300,37000000,4,4,1,0,0,0,0,0,0,0,0,0,2016,2,Null,0
DHA Phase 4,48000,300,40000000,4,6,1,0,0,0,0,0,0,0,0,0,2016,2,Null,0
DHA Phase 4,48000,300,38000000,4,4,1,0,0,0,0,0,0,0,0,0,2016,2,Null,0
DHA Phase 4,48000,300,40000000,4,4,1,0,0,0,0,0,0,0,0,0,2016,2,Null,0
DHA Phase 4,48000,363,37500000,4,6,1,0,0,0,0,0,0,0,0,0,2016,2,Null,0
DHA Phase 4,48000,300,40000000,4,6,1,0,0,0,0,0,0,0,0,0,2016,2,Null,0
DHA Phase 4,48000,300,40000000,4,4,1,0,0,0,0,0,0,0,0,0,2016,2,Null,0
DHA Phase 4,48000,300,39500000,4,6,1,0,0,0,0,0,0,0,0,0,2016,2,Null,0
DHA Phase 4,48000,363,37500000,4,6,1,0,0,0,0,0,0,0,0,0,2016,2,Null,0
DHA Phase 4,48000,363,39500000,4,6,1,2,0,0,0,0,0,0,0,0,2016,2,Null,0
DHA Phase 4,48000,363,37500000,4,6,1,0,0,0,0,0,0,0,0,0,2016,2,Null,0
DHA Phase 4,48000,300,34500000,5,5,1,0,0,0,0,0,0,0,0,0,2016,2,Null,0
DHA Phase 4,48000,300,29000000,4,5,0,0,0,0,0,0,0,0,0,0,2016,2,Null,0
DHA Phase 4,48000,300,29000000,4,5,0,0,0,0,0,0,0,0,0,0,2016,2,Null,0
DHA Phase 4,48000,375,35000000,4,7,0,0,0,0,0,0,0,0,0,0,2016,2,Null,0
DHA Phase 4,48000,300,29000000,4,4,1,2,1,0,0,0,0,0,0,0,2016,2,Null,0
DHA Phase 4,48000,500,30000000,6,6,2,4,1,0,0,0,0,0,0,0,2017,2,Null,0
DHA Phase 5,48000,500,47500000,5,5,2,3,1,1,0,0,0,0,0,0,1985,2,0,0
DHA Phase 5,48000,500,41000000,5,5,1,2,1,1,0,0,0,0,0,0,1990,2,0,0
DHA Phase 5,48000,1000,73000000,5,5,1,5,1,0,0,0,0,0,0,0,1978,2,0,1
DHA Phase 5,48000,500,41000000,3,4,1,3,1,1,0,0,0,0,0,0,2000,1,0,0
DHA Phase 5,48000,500,59000000,7,7,1,4,0,1,0,0,0,0,0,0,2007,3,0,0
DHA Phase 5,48000,1000,75000000,5,6,2,5,1,1,0,0,0,0,0,0,1978,2,0,0
DHA Phase 5,48000,500,17500000,5,6,0,0,0,0,0,0,0,0,0,0,2010,2,0,0
DHA Phase 5,48000,500,17500000,5,6,0,0,0,0,0,0,0,0,0,0,2010,2,0,0
DHA Phase 5,48000,500,40000000,5,5,2,4,1,1,0,0,0,0,0,0,1987,2,0,0
DHA Phase 5,48000,500,17500000,5,6,0,0,0,0,0,0,0,0,0,0,2010,2,0,0
DHA Phase 5,48000,937,46000000,4,4,1,3,1,1,0,0,0,0,0,0,2011,2,0,0
DHA Phase 5,48000,500,45000000,5,5,2,3,1,1,0,0,0,0,0,0,2011,1,1,0
DHA Phase 5,48000,500,80000000,11,10,3,4,2,1,0,0,0,0,0,0,2011,1,1,0
DHA Phase 5,48000,1000,45000000,5,6,2,4,1,1,0,0,0,0,0,0,1998,2,0,0
DHA Phase 5,48000,1400,72500000,6,8,1,3,0,0,0,0,0,0,0,0,1988,1,0,0
DHA Phase 5,48000,500,51500000,5,6,0,4,1,1,0,0,0,0,0,0,1985,2,0,0
DHA Phase 5,48000,1000,71500000,6,6,1,0,1,0,0,0,0,0,0,0,2010,2,0,0
DHA Phase 5,48000,1210,80000000,7,7,1,3,0,0,0,0,0,0,0,0,1988,2,0,0
DHA Phase 5,48000,1000,45000000,5,5,0,0,0,1,0,0,0,0,0,0,2010,2,0,1
DHA Phase 5,48000,500,59500000,5,6,2,0,0,1,0,0,0,0,0,0,2011,2,1,0
DHA Phase 5,48000,600,65000000,6,6,1,0,0,0,0,0,0,0,0,0,2010,2,1,0
DHA Phase 5,48000,250,37000000,4,4,0,2,0,1,0,0,0,0,0,0,2010,2,Null,0
DHA Phase 5,48000,500,53000000,3,3,0,0,0,0,0,0,0,0,0,0,2010,2,Null,0
DHA Phase 5,48000,666,92500000,6,6,0,0,0,0,0,0,0,0,0,0,2010,2,Null,0
DHA Phase 5,48000,300,45500000,4,5,0,0,0,0,0,0,0,0,0,0,2010,2,Null,0
DHA Phase 5,48000,500,52500000,5,5,0,4,0,0,0,0,0,0,0,0,2010,2,Null,0
DHA Phase 5,48000,1210,80000000,6,6,0,0,0,0,0,0,0,0,0,0,1988,1,Null,0
DHA Phase 5,48000,1000,95000000,3,3,1,0,0,0,0,0,0,0,0,0,2010,2,Null,0
DHA Phase 5,48000,500,55000000,5,5,1,0,0,0,0,0,0,0,0,0,2010,2,Null,0
DHA Phase 5,48000,500,52500000,5,5,1,0,0,0,0,0,0,0,0,0,2010,2,Null,0
DHA Phase 5,48000,136.11,9000000,3,3,1,0,0,0,0,0,0,0,0,0,2010,2,Null,0
DHA Phase 5,48000,1000,63000000,4,5,1,0,0,1,0,0,0,0,0,0,2010,2,Null,0
DHA Phase 5,48000,550,55000000,5,8,0,0,0,0,0,0,0,0,0,0,2010,2,Null,0
DHA Phase 5,48000,575,47500000,5,6,1,2,0,0,0,0,0,0,0,0,2010,2,Null,0
DHA Phase 5,48000,575,47500000,5,6,0,0,0,0,0,0,0,0,0,0,2010,2,Null,0
DHA Phase 5,48000,500,34000000,3,3,0,0,0,0,0,0,0,0,0,0,2010,2,Null,0
DHA Phase 5,48000,500,34000000,3,3,0,0,0,0,0,0,0,0,0,0,2010,2,Null,0
DHA Phase 5,48000,575,47500000,5,6,0,0,0,0,0,0,0,0,0,0,2010,2,Null,0
DHA Phase 5,48000,575,47500000,5,6,0,0,0,0,0,0,0,0,0,0,2010,2,Null,0
DHA Phase 5,48000,500,34000000,3,3,1,0,0,0,0,0,0,0,0,0,2010,2,Null,0
DHA Phase 5,48000,500,59000000,5,5,1,0,0,0,0,0,0,0,0,0,2010,2,Null,0
DHA Phase 5,48000,1000,100000000,4,4,1,0,0,1,0,0,0,0,0,0,2010,2,Null,0
DHA Phase 5,48000,1000,70000000,5,5,1,0,0,0,0,0,0,0,0,0,2010,2,Null,0
DHA Phase 5,48000,500,40000000,5,5,1,0,0,0,0,0,0,0,0,0,2010,2,Null,0
DHA Phase 5,48000,600,45000000,5,6,2,0,0,0,0,0,0,0,0,0,2010,2,Null,0
DHA Phase 5,48000,500,42500000,6,6,1,0,0,0,0,0,0,0,0,0,2010,2,Null,0
DHA Phase 5,48000,2000,83000000,7,8,0,0,0,0,0,0,0,0,0,0,1988,1,Null,0
DHA Phase 5,48000,500,46000000,5,5,1,3,1,0,0,0,0,0,0,0,2010,2,Null,0
DHA Phase 5,48000,500,40000000,4,4,1,0,0,0,0,0,0,0,0,0,2010,2,Null,0
DHA Phase 5,48000,1400,92500000,6,7,1,0,0,0,0,0,0,0,0,0,1988,1,Null,0
DHA Phase 5,48000,850,48500000,4,5,1,5,0,1,0,0,0,0,0,0,2010,2,Null,0
DHA Phase 5,48000,1000,67500000,5,5,1,5,1,0,0,0,0,0,0,0,1978,2,Null,0
DHA Phase 5,48000,950,50000000,5,5,0,0,0,0,0,0,0,0,0,0,2010,2,Null,0
DHA Phase 5,48000,550,45000000,5,6,1,4,1,0,0,0,0,0,0,0,2010,2,Null,0
DHA Phase 5,48000,500,25000000,5,6,2,4,1,0,0,0,0,0,0,0,2010,2,Null,0
DHA Phase 5,48000,500,30000000,5,5,2,4,1,0,0,0,0,0,0,0,2010,2,Null,0
DHA Phase 5,48000,500,53500000,5,5,0,0,1,0,0,0,0,0,0,0,2010,2,Null,0
DHA Phase 6,48000,600,160000000,5,6,1,1,1,1,0,1,0,0,0,0,2017,2,1,0
DHA Phase 6,48000,500,95000000,6,6,0,0,1,1,0,1,0,0,0,0,2008,2,0,0
DHA Phase 6,48000,300,65000000,4,4,0,2,0,1,0,1,0,0,0,0,2016,4,1,0
DHA Phase 6,48000,500,71500000,5,5,5,4,0,0,0,1,0,0,0,0,2015,2,1,0
DHA Phase 6,48000,500,65000000,5,5,2,4,1,1,0,1,0,0,0,0,2015,2,1,0
DHA Phase 6,48000,500,77500000,6,6,0,3,1,1,0,1,0,0,0,0,2015,2,1,0
DHA Phase 6,48000,500,77500000,5,5,5,5,1,1,0,1,0,0,0,0,2015,2,1,0
DHA Phase 6,48000,666,85000000,6,6,2,5,1,1,0,1,0,0,0,0,2015,2,1,0
DHA Phase 6,48000,300,45000000,4,2,1,2,1,1,0,1,0,0,0,0,2015,2,1,0
DHA Phase 6,48000,300,45000000,4,2,1,2,1,1,0,1,0,0,0,0,2015,2,1,0
DHA Phase 6,48000,500,77500000,5,6,0,4,1,1,0,1,1,0,0,0,2015,2,1,0
DHA Phase 6,48000,500,77500000,5,6,0,4,1,1,0,1,1,0,0,0,2015,2,1,0
DHA Phase 6,48000,300,56000000,4,4,0,2,0,1,0,1,0,0,0,0,2015,2,1,1
DHA Phase 6,48000,1000,125000000,6,6,2,6,1,1,1,0,0,0,0,0,2015,2,1,0
DHA Phase 6,48000,500,57000000,5,5,2,4,1,1,0,1,0,0,0,0,2013,2,0,0
DHA Phase 6,48000,600,95000000,5,5,0,0,0,0,0,0,0,0,0,0,2006,1,0,0
DHA Phase 6,48000,1000,77500000,5,7,0,0,0,0,0,0,0,0,0,0,1998,2,0,0
DHA Phase 6,48000,1000,125000000,6,11,1,0,0,0,0,0,0,0,0,0,2014,2,1,0
DHA Phase 6,48000,500,68500000,5,7,1,0,0,0,0,0,0,0,0,0,2014,2,1,0
DHA Phase 6,48000,800,87500000,6,8,0,0,0,0,0,0,0,0,0,0,2014,2,1,0
DHA Phase 6,48000,600,65000000,6,7,2,6,3,1,0,0,0,0,0,0,2014,2,1,0
DHA Phase 6,48000,1000,80000000,8,11,0,2,1,1,1,0,0,0,0,0,2003,2,0,0
DHA Phase 6,48000,500,35000000,5,6,3,0,0,0,0,0,0,0,0,0,2004,2,0,0
DHA Phase 6,48000,300,36500000,4,6,0,0,0,0,0,0,0,0,0,0,2005,2,0,0
DHA Phase 6,48000,500,57500000,5,7,0,0,0,0,0,0,0,0,0,0,2013,2,0,0
DHA Phase 6,48000,1000,82500000,7,8,2,0,0,1,1,0,0,0,0,0,2009,2,0,0
DHA Phase 6,48000,500,47500000,6,7,0,0,0,0,0,0,0,0,0,0,2013,2,0,0
DHA Phase 6,48000,500,47500000,6,7,0,0,0,0,0,0,0,0,0,0,2013,2,0,0
DHA Phase 6,48000,500,47500000,6,7,0,0,0,0,0,0,0,0,0,0,2013,2,0,0
DHA Phase 6,48000,500,47500000,6,7,0,0,0,0,0,0,0,0,0,0,2013,2,0,0
DHA Phase 6,48000,500,47500000,6,7,0,0,0,0,0,0,0,0,0,0,2013,2,0,0
DHA Phase 6,48000,300,46000000,4,5,0,2,1,1,0,1,0,0,0,0,2011,2,1,0
DHA Phase 6,48000,666,75000000,6,6,3,3,1,1,0,0,0,0,0,0,2013,1,1,0
DHA Phase 6,48000,500,57500000,5,6,3,3,0,1,0,0,0,0,0,0,2013,2,1,0
DHA Phase 6,48000,500,47500000,6,7,0,0,0,0,0,0,0,0,0,0,2013,2,0,0
DHA Phase 6,48000,666,45000000,6,7,0,0,0,0,0,0,0,0,0,0,2009,2,0,0
DHA Phase 6,48000,500,52500000,6,7,2,2,1,1,0,0,0,0,0,0,2013,2,1,0
DHA Phase 6,48000,666,45000000,6,7,0,0,0,0,0,0,0,0,0,0,2009,2,0,0
DHA Phase 6,48000,400,35000000,6,8,0,0,0,0,0,0,0,0,0,0,2010,2,0,0
DHA Phase 6,48000,500,35000000,5,6,1,0,0,0,0,0,0,0,0,0,2006,2,0,0
DHA Phase 6,48000,500,35000000,5,6,3,0,0,0,0,0,0,0,0,0,2004,2,0,0
DHA Phase 6,48000,600,60000000,5,6,1,3,1,1,0,0,0,0,0,0,2013,2,1,0
DHA Phase 6,48000,666,55000000,5,6,2,0,0,1,0,0,0,0,0,0,2012,2,1,0
DHA Phase 6,48000,1000,85000000,6,7,3,6,2,1,1,0,0,0,0,0,2012,2,1,0
DHA Phase 6,48000,1000,62500000,8,8,2,6,0,1,0,0,0,0,0,0,2012,2,1,0
DHA Phase 6,48000,500,36000000,5,5,2,4,1,1,0,0,0,0,0,0,2010,2,1,0
DHA Phase 6,48000,500,30000000,6,6,2,4,1,1,0,0,0,0,0,0,2011,2,0,0
DHA Phase 6,48000,500,35000000,6,7,1,3,0,1,0,0,0,0,0,0,2008,2,0,0
DHA Phase 6,48000,600,35000000,6,7,2,3,1,1,0,0,0,0,0,0,2011,1,1,0
DHA Phase 6,48000,1000,65000000,6,6,2,6,1,1,1,0,0,0,0,0,2011,2,1,0
DHA Phase 6,48000,500,22500000,4,5,1,2,0,0,0,0,0,0,0,0,1994,2,0,0
DHA Phase 6,48000,500,57500000,4,5,1,4,1,1,0,1,0,0,0,0,2002,2,0,0
DHA Phase 6,48000,500,57500000,5,5,0,0,1,1,0,1,0,0,0,0,2001,2,0,0
DHA Phase 6,48000,800,100000000,6,7,2,4,1,1,1,0,0,0,0,0,2012,2,1,1
DHA Phase 6,48000,800,82500000,6,8,1,0,0,0,0,0,0,0,0,0,2014,2,1,0
DHA Phase 6,48000,500,54500000,5,7,0,0,0,0,0,0,0,0,0,0,2000,2,0,0
DHA Phase 6,48000,1000,115000000,6,8,1,0,0,0,0,0,0,0,0,0,2010,2,0,0
DHA Phase 6,48000,500,62500000,4,8,0,0,0,0,0,0,0,0,0,0,2013,2,0,0
DHA Phase 6,48000,500,41500000,5,6,0,0,0,0,0,0,0,0,0,0,2008,2,0,0
DHA Phase 6,48000,500,45000000,5,7,2,0,0,0,0,0,0,0,0,0,2012,2,0,0
DHA Phase 6,48000,1000,60000000,6,7,0,0,0,0,0,0,0,0,0,0,2008,2,0,0
DHA Phase 6,48000,500,45000000,5,7,3,0,0,0,0,0,0,0,0,0,2011,2,0,0
DHA Phase 6,48000,500,45000000,5,7,2,0,0,0,0,0,0,0,0,0,2012,2,0,0
DHA Phase 6,48000,500,45000000,5,7,3,0,0,0,0,0,0,0,0,0,2011,2,0,0
DHA Phase 6,48000,600,60000000,8,8,0,0,1,1,0,1,0,0,0,0,2013,2,0,0
DHA Phase 6,48000,1000,110000000,6,7,2,4,1,0,1,0,0,0,0,0,2012,2,1,0
DHA Phase 6,48000,666,60000000,6,6,1,0,0,0,0,0,0,0,0,0,2013,2,0,0
DHA Phase 6,48000,600,30000000,6,6,2,0,0,0,0,0,0,0,0,0,2013,2,0,0
DHA Phase 6,48000,500,45000000,5,6,2,3,0,1,0,0,0,0,0,0,2013,2,1,0
DHA Phase 6,48000,500,32500000,6,6,3,0,0,1,0,0,0,0,0,0,2011,2,0,0
DHA Phase 6,48000,500,32500000,6,6,3,0,0,1,0,0,0,0,0,0,2011,2,0,0
DHA Phase 6,48000,1000,47000000,6,7,2,3,1,1,0,0,0,0,0,0,2013,2,0,0
DHA Phase 6,48000,666,47500000,6,6,2,3,1,1,0,0,0,0,0,0,2014,2,1,0
DHA Phase 6,48000,711,47500000,5,5,2,3,1,1,0,0,0,0,0,0,2015,2,1,0
DHA Phase 6,48000,2000,150000000,7,10,2,6,0,0,0,0,0,0,0,0,1988,1,1,0
DHA Phase 6,48000,1000,110000000,6,6,1,0,0,0,0,0,0,0,0,0,2014,2,1,0
DHA Phase 6,48000,600,62500000,6,6,1,0,0,0,0,0,0,0,0,0,2014,2,1,0
DHA Phase 6,48000,500,67500000,5,7,0,0,0,0,0,0,0,0,0,0,2014,2,1,0
DHA Phase 6,48000,500,68500000,5,5,1,0,0,0,0,0,0,0,0,0,2014,2,1,0
DHA Phase 6,48000,666,55000000,6,6,0,0,0,0,0,0,0,0,0,0,2014,2,1,0
DHA Phase 6,48000,1000,60000000,6,7,3,6,0,1,0,0,0,0,0,0,2012,2,1,0
DHA Phase 6,48000,500,35000000,5,5,1,3,1,1,0,0,0,0,0,0,2014,2,1,0
DHA Phase 6,48000,500,89000000,5,5,2,0,0,0,0,0,0,0,0,0,2013,2,Null,0
DHA Phase 6,48000,500,130000000,5,5,2,2,0,0,0,0,0,0,0,0,2013,2,Null,0
DHA Phase 6,48000,500,150000000,5,5,2,2,0,0,0,0,0,0,0,0,2017,2,Null,0
DHA Phase 6,48000,500,70000000,5,5,0,0,0,0,0,0,0,0,0,0,2013,2,Null,0
DHA Phase 6,48000,1000,142500000,6,6,0,0,0,0,0,0,0,0,0,0,2013,2,Null,0
DHA Phase 6,48000,1000,140000000,6,6,2,0,0,0,0,0,0,0,0,0,2014,2,Null,0
DHA Phase 6,48000,550,60000000,4,4,1,0,0,0,0,0,0,0,0,0,2013,2,Null,0
DHA Phase 6,48000,1000,160000000,6,6,2,0,0,0,0,0,0,0,0,0,2017,2,Null,0
DHA Phase 6,48000,500,59000000,6,7,0,0,0,0,0,0,0,0,0,0,2013,2,Null,0
DHA Phase 6,48000,1000,135000000,6,6,0,0,0,0,0,0,0,0,0,0,2013,2,Null,0
DHA Phase 6,48000,300,40000000,4,4,1,0,0,0,0,0,0,0,0,0,2013,2,Null,0
DHA Phase 6,48000,1000,140000000,5,5,2,4,0,1,1,0,0,0,0,0,2012,2,Null,0
DHA Phase 6,48000,2000,170000000,5,5,1,0,0,0,1,0,0,0,0,0,1988,1,Null,0
DHA Phase 6,48000,800,82500000,6,6,1,0,0,0,0,0,0,0,0,0,2013,2,Null,0
DHA Phase 6,48000,800,80000000,6,6,1,0,0,0,0,0,0,0,0,0,2013,2,Null,0
DHA Phase 6,48000,500,50000000,5,5,1,0,0,0,0,0,0,0,0,0,2013,2,Null,0
DHA Phase 6,48000,666,72500000,6,8,0,0,0,0,0,0,0,0,0,0,2014,2,Null,0
DHA Phase 6,48000,600,40000000,5,6,1,0,0,0,0,0,0,0,0,0,2013,2,Null,0
DHA Phase 6,48000,500,63500000,5,6,1,0,0,0,0,0,0,0,0,0,2013,2,Null,0
DHA Phase 6,48000,500,62500000,5,6,1,3,1,0,0,0,0,0,0,0,2013,2,Null,0
DHA Phase 6,48000,575,47500000,5,6,1,3,1,0,0,0,0,0,0,0,2013,2,Null,0
DHA Phase 6,48000,665,55000000,5,6,1,4,1,0,0,0,0,0,0,0,2013,2,Null,0
DHA Phase 6,48000,1000,87500000,7,7,1,5,1,1,0,0,0,0,0,0,2012,2,Null,0
DHA Phase 6,48000,600,77500000,6,8,1,4,1,0,0,0,0,0,0,0,2013,2,Null,0
DHA Phase 6,48000,1332,107500000,6,8,1,4,1,0,0,0,0,0,0,0,1988,1,Null,0
DHA Phase 6,48000,500,44000000,5,7,1,3,1,0,0,0,0,0,0,0,2013,2,Null,0
DHA Phase 6,48000,500,44000000,5,7,1,3,1,0,0,0,0,0,0,0,2013,2,Null,0
DHA Phase 6,48000,600,77500000,6,8,1,4,1,0,0,0,0,0,0,0,2013,2,Null,0
DHA Phase 6,48000,805,70000000,6,7,2,4,0,0,0,0,0,0,0,0,2013,2,Null,0
DHA Phase 6,48000,500,34000000,3,3,0,0,0,0,0,0,0,0,0,0,2013,2,Null,0
DHA Phase 6,48000,500,44000000,5,7,1,3,1,0,0,0,0,0,0,0,2013,2,Null,0
DHA Phase 6,48000,600,77500000,6,8,0,0,0,0,0,0,0,0,0,0,2013,2,Null,0
DHA Phase 6,48000,500,44000000,5,7,0,0,0,0,0,0,0,0,0,0,2013,2,Null,0
DHA Phase 6,48000,605,62500000,5,6,0,0,0,0,0,0,0,0,0,0,2013,2,Null,0
DHA Phase 6,48000,600,77500000,6,8,0,0,0,0,0,0,0,0,0,0,2013,2,Null,0
DHA Phase 6,48000,726,77500000,6,6,0,0,0,0,0,0,0,0,0,0,2013,2,Null,0
DHA Phase 6,48000,605,65000000,5,6,0,0,0,0,0,0,0,0,0,0,2013,2,Null,0
DHA Phase 6,48000,726,77500000,6,6,0,0,0,0,0,0,0,0,0,0,2013,2,Null,0
DHA Phase 6,48000,1210,115000000,6,7,0,0,0,0,0,0,0,0,0,0,1970,1,Null,0
DHA Phase 6,48000,1332,107500000,6,8,0,0,0,0,0,0,0,0,0,0,1988,1,Null,0
DHA Phase 6,48000,605,65000000,5,6,0,0,0,0,0,0,0,0,0,0,2013,2,Null,0
DHA Phase 6,48000,726,77500000,6,7,0,0,0,0,0,0,0,0,0,0,2013,2,Null,0
DHA Phase 6,48000,1210,95000000,7,8,0,0,0,0,0,0,0,0,0,0,1970,2,Null,0
DHA Phase 6,48000,605,67500000,5,8,0,0,0,0,0,0,0,0,0,0,2013,2,Null,0
DHA Phase 6,48000,1210,115000000,6,7,0,0,0,0,0,0,0,0,0,0,1970,1,Null,0
DHA Phase 6,48000,726,77500000,6,6,0,0,0,0,0,0,0,0,0,0,2013,2,Null,0
DHA Phase 6,48000,605,65000000,5,6,0,0,0,0,0,0,0,0,0,0,2013,2,Null,0
DHA Phase 6,48000,500,44000000,5,7,0,0,0,0,0,0,0,0,0,0,2013,2,Null,0
DHA Phase 6,48000,600,77500000,6,8,0,0,0,0,0,0,0,0,0,0,2013,2,Null,0
DHA Phase 6,48000,1332,107500000,6,8,0,0,0,0,0,0,0,0,0,0,1988,1,Null,0
DHA Phase 6,48000,605,34000000,3,3,0,0,0,0,0,0,0,0,0,0,2013,2,Null,0
DHA Phase 6,48000,605,53500000,5,7,1,0,0,0,0,0,0,0,0,0,2013,2,Null,0
DHA Phase 6,48000,605,44000000,5,7,0,0,0,0,0,0,0,0,0,0,2013,2,Null,0
DHA Phase 6,48000,726,77500000,6,8,0,0,0,0,0,0,0,0,0,0,2014,2,Null,0
DHA Phase 6,48000,1609.3,107500000,6,8,0,0,0,0,0,0,0,0,0,0,1988,1,Null,0
DHA Phase 6,48000,500,53500000,5,7,1,0,0,0,0,0,0,0,0,0,2013,2,Null,0
DHA Phase 6,48000,600,77500000,6,8,1,0,0,0,0,0,0,0,0,0,2013,2,Null,0
DHA Phase 6,48000,1332,107500000,6,6,1,0,0,0,0,0,0,0,0,0,1988,1,Null,0
DHA Phase 6,48000,1332,107500000,6,6,1,0,0,0,0,0,0,0,0,0,1988,1,Null,0
DHA Phase 6,48000,600,77500000,6,8,1,0,0,0,0,0,0,0,0,0,2013,2,Null,0
DHA Phase 6,48000,600,77500000,6,8,1,0,0,0,0,0,0,0,0,0,2013,2,Null,0
DHA Phase 6,48000,500,53500000,5,7,1,0,0,0,0,0,0,0,0,0,2013,2,Null,0
DHA Phase 6,48000,600,77500000,6,8,1,0,0,0,0,0,0,0,0,0,2013,2,Null,0
DHA Phase 6,48000,1000,85000000,6,6,0,0,0,0,0,0,0,0,0,0,2013,2,Null,0
DHA Phase 6,48000,500,45000000,5,6,0,0,0,0,0,0,0,0,0,0,2013,2,Null,0
DHA Phase 6,48000,500,53500000,5,7,1,0,0,0,0,0,0,0,0,0,2013,2,Null,0
DHA Phase 6,48000,1332,107500000,6,8,1,0,0,0,0,0,0,0,0,0,1988,1,Null,0
DHA Phase 6,48000,500,67500000,5,8,1,0,0,0,0,0,0,0,0,0,2013,2,Null,0
DHA Phase 6,48000,500,65000000,5,6,1,0,0,0,0,0,0,0,0,0,2013,2,Null,0
DHA Phase 6,48000,600,42500000,6,7,1,0,0,0,0,0,0,0,0,0,2013,2,Null,0
DHA Phase 6,48000,500,44000000,5,7,1,0,0,0,0,0,0,0,0,0,2013,2,Null,0
DHA Phase 6,48000,500,65000000,5,6,3,0,0,0,0,0,0,0,0,0,2013,2,Null,0
DHA Phase 6,48000,600,77500000,6,8,1,0,0,0,0,0,0,0,0,0,2013,2,Null,0
DHA Phase 6,48000,605,65000000,5,6,3,0,0,0,0,0,0,0,0,0,2013,2,Null,0
DHA Phase 6,48000,600,60000000,5,5,1,0,0,0,0,0,0,0,0,0,2013,2,Null,0
DHA Phase 6,48000,666,80000000,6,6,1,0,0,0,0,0,0,0,0,0,2013,2,Null,0
DHA Phase 6,48000,500,53000000,5,5,1,0,0,0,0,0,0,0,0,0,2013,2,Null,0
DHA Phase 6,48000,800,67500000,6,6,1,0,0,0,0,0,0,0,0,0,2013,2,Null,0
DHA Phase 6,48000,2000,250000000,7,7,0,0,0,0,0,0,0,0,0,0,1988,1,Null,0
DHA Phase 6,48000,1000,140000000,6,6,1,0,0,0,0,0,0,0,0,0,2014,2,Null,0
DHA Phase 6,48000,666,67500000,6,6,1,0,0,0,0,0,0,0,0,0,2013,2,Null,0
DHA Phase 6,48000,500,37500000,5,5,1,0,0,0,0,0,0,0,0,0,2013,2,Null,0
DHA Phase 6,48000,500,57500000,6,6,1,0,0,0,0,0,0,0,0,0,2013,2,Null,0
DHA Phase 6,48000,500,67500000,5,5,1,0,0,0,0,0,0,0,0,0,2013,2,Null,0
DHA Phase 6,48000,500,52500000,5,5,1,0,0,0,0,0,0,0,0,0,2013,2,Null,0
DHA Phase 6,48000,500,67500000,4,4,1,0,0,0,0,0,0,0,0,0,2013,2,Null,0
DHA Phase 6,48000,666,55000000,5,6,0,0,0,0,0,0,0,0,0,0,2013,2,Null,0
DHA Phase 6,48000,666,55000000,5,5,1,3,1,0,0,0,0,0,0,0,2013,2,Null,0
DHA Phase 6,48000,1000,122500000,6,7,1,0,0,0,0,0,0,0,0,0,2014,2,Null,0
DHA Phase 6,48000,611.11,3300000,2,2,1,0,0,0,0,0,0,0,0,0,1994,1,Null,0
DHA Phase 6,48000,500,43500000,5,6,0,0,0,0,0,0,0,0,0,0,2013,2,Null,0
DHA Phase 6,48000,300,42500000,4,5,1,0,0,0,0,0,0,0,0,0,2013,2,Null,0
DHA Phase 6,48000,800,70000000,6,7,0,0,0,0,1,0,0,0,0,0,2013,2,Null,0
DHA Phase 6,48000,500,68500000,5,5,1,0,0,0,0,0,0,0,0,0,2013,2,Null,0
DHA Phase 6,48000,500,41500000,5,5,1,0,0,0,0,0,0,0,0,0,2013,2,Null,0
DHA Phase 6,48000,500,37500000,3,3,1,0,0,0,0,0,0,0,0,0,2013,2,Null,0
DHA Phase 6,48000,500,59500000,6,6,1,0,0,0,0,0,0,0,0,0,2013,2,Null,0
DHA Phase 6,48000,1000,82000000,6,6,1,0,0,0,0,0,0,0,0,0,2013,2,Null,0
DHA Phase 6,48000,300,37500000,6,6,1,0,0,0,0,0,0,0,0,0,2013,2,Null,0
DHA Phase 6,48000,500,52500000,5,5,0,3,0,0,0,0,0,0,0,0,2013,2,Null,0
DHA Phase 6,48000,1000,87500000,7,7,1,5,1,1,0,0,0,0,0,0,2012,2,Null,0
DHA Phase 6,48000,800,42500000,7,8,2,0,0,1,0,0,0,0,0,0,2012,2,Null,0
DHA Phase 6,48000,500,55000000,5,5,1,4,1,1,0,0,0,0,0,0,2013,2,Null,0
DHA Phase 6,48000,1000,85000000,6,6,2,6,1,1,1,0,0,0,0,0,2012,2,Null,0
DHA Phase 6,48000,500,46000000,5,6,1,4,1,1,0,0,0,0,0,0,2013,2,Null,0
DHA Phase 6,48000,500,32000000,5,5,1,4,1,0,0,0,0,0,0,0,2013,2,Null,0
DHA Phase 6,48000,600,25500000,3,3,1,4,1,0,0,0,0,0,0,0,1994,2,Null,0
DHA Phase 6,48000,500,39500000,5,6,1,3,1,0,0,0,0,0,0,0,2013,2,Null,0
DHA Phase 6,48000,666,42500000,6,6,2,4,1,0,0,0,0,0,0,0,2013,2,Null,0
DHA Phase 6,48000,1200,110000000,4,4,1,6,1,1,1,0,0,0,0,0,1970,1,Null,0
DHA Phase 7,48000,666,35000000,6,7,2,3,1,0,0,0,0,0,0,0,2007,2,0,0
DHA Phase 7,48000,100,30000000,5,5,2,0,0,0,0,0,0,0,0,0,2012,2,0,0
DHA Phase 7,48000,1016,200000000,8,10,2,6,1,1,0,1,1,0,0,0,2000,2,0,0
DHA Phase 7,48000,500,70000000,6,6,2,3,1,1,0,1,0,0,0,0,2014,2,1,0
DHA Phase 7,48000,500,60000000,6,7,2,3,1,1,0,0,0,0,0,0,2005,2,0,0
DHA Phase 7,48000,600,6000000,6,5,2,4,1,1,0,0,0,0,0,0,2014,2,1,0
DHA Phase 7,48000,1000,88500000,7,9,0,0,0,0,0,0,0,0,0,0,2008,3,0,0
DHA Phase 7,48000,150,26500000,4,4,2,1,0,0,0,0,0,0,0,0,2013,2,1,0
DHA Phase 7,48000,100,11000000,4,4,1,0,0,0,0,0,0,0,0,0,2012,2,1,0
DHA Phase 7,48000,240,28500000,4,4,2,1,0,1,0,0,0,0,0,0,2012,2,0,0
DHA Phase 7,48000,300,4000000,7,5,1,0,0,0,0,0,0,0,0,0,2014,1,1,0
DHA Phase 7,48000,500,38000000,6,6,1,3,1,1,0,0,0,0,0,0,2005,2,0,0
DHA Phase 7,48000,250,16000000,4,4,0,0,0,0,0,0,0,0,0,0,2012,2,0,0
DHA Phase 7,48000,500,62500000,5,5,1,0,0,0,0,0,0,0,0,0,2014,2,1,0
DHA Phase 7,48000,120,18000000,4,4,1,0,0,0,0,0,0,0,0,0,2012,2,1,0
DHA Phase 7,48000,500,32500000,5,6,2,2,0,1,0,0,0,0,0,0,2014,2,1,0
DHA Phase 7,48000,500,32500000,5,6,2,2,0,1,0,0,0,0,0,0,2014,2,1,0
DHA Phase 7,48000,500,66000000,6,6,0,0,0,0,0,0,0,0,0,0,2014,2,Null,0
DHA Phase 7,48000,250,37000000,4,4,2,0,0,1,0,1,0,0,0,0,2012,2,Null,0
DHA Phase 7,48000,500,39000000,4,4,0,0,0,0,0,0,0,0,0,0,2012,2,Null,0
DHA Phase 7,48000,500,64000000,6,4,1,0,0,0,0,0,0,0,0,0,2014,2,Null,0
DHA Phase 7,48000,363,45000000,5,5,0,0,0,0,0,0,0,0,0,0,2012,2,Null,0
DHA Phase 7,48000,160,13200000,3,3,1,0,0,0,0,0,0,0,0,0,2012,2,Null,0
DHA Phase 7,48000,500,61000000,5,6,1,0,0,0,0,0,0,0,0,0,2012,2,Null,0
DHA Phase 7,48000,1000,77500000,7,8,1,6,1,0,0,0,0,0,0,0,2005,2,Null,0
DHA Phase 7,48000,605,49000000,5,7,1,0,0,0,0,0,0,0,0,0,2012,2,Null,0
DHA Phase 7,48000,500,49000000,5,7,1,4,0,0,0,0,0,0,0,0,2012,2,Null,0
DHA Phase 7,48000,120,20000000,6,6,1,0,0,0,0,0,0,0,0,0,2012,2,Null,0
DHA Phase 7,48000,1000,145000000,6,6,1,0,0,0,0,0,0,0,0,0,2014,2,Null,0
DHA Phase 7,48000,500,38000000,3,3,1,0,0,0,0,0,0,0,0,0,2012,2,Null,0
DHA Phase 7,48000,100,13000000,4,4,1,0,0,0,0,0,0,0,0,0,2012,2,Null,0
DHA Phase 7,48000,500,40000000,4,4,0,0,0,0,0,0,0,0,0,0,2012,2,Null,0
DHA Phase 7,48000,500,41000000,6,8,0,0,0,0,0,0,0,0,0,0,2012,2,Null,0
DHA Phase 7,48000,500,11000000,4,4,1,0,0,0,0,0,0,0,0,0,2012,2,Null,0
DHA Phase 7,48000,500,47500000,5,5,1,0,0,0,0,0,0,0,0,0,2012,2,Null,0
DHA Phase 7,48000,500,35000000,6,6,1,0,0,0,0,0,0,0,0,0,2012,2,Null,0
DHA Phase 7,48000,300,35000000,5,6,0,0,0,0,0,0,0,0,0,0,2012,2,Null,0
DHA Phase 7,48000,150,17500000,4,4,1,0,0,0,0,0,0,0,0,0,2012,2,Null,0
DHA Phase 7,48000,120,15000000,4,4,1,1,1,0,0,0,0,0,0,0,2012,2,Null,0
DHA Phase 7,48000,300,26500000,5,5,1,3,1,0,0,0,0,0,0,0,2012,2,Null,0
DHA Phase 7,48000,100,10500000,4,4,1,0,0,0,0,0,0,0,0,0,2012,2,Null,0
DHA Phase 7,48000,500,39000000,6,6,1,3,1,0,0,0,0,0,0,0,2014,2,Null,0
DHA Phase 8,48000,500,115000000,5,8,2,4,1,1,0,1,0,0,0,0,2018,2,1,0
DHA Phase 8,48000,500,145000000,5,5,2,3,1,1,0,1,0,0,0,0,2011,1,0,0
DHA Phase 8,48000,1000,120000000,6,7,2,4,1,1,0,1,0,0,1,1,2015,2,1,0
DHA Phase 8,48000,500,55000000,5,6,1,2,1,1,0,0,0,0,0,0,2012,2,1,0
DHA Phase 8,48000,500,65000000,6,7,3,4,1,1,0,0,0,0,0,0,2014,2,1,0
DHA Phase 8,48000,500,58000000,5,6,2,4,3,1,0,0,0,0,0,0,2014,2,1,0
DHA Phase 8,48000,500,42500000,6,9,0,0,0,0,0,0,0,0,0,0,2012,2,0,0
DHA Phase 8,48000,1000,40000000,7,9,2,6,2,1,1,0,0,0,0,0,2000,2,0,0
DHA Phase 8,48000,500,69000000,5,5,0,0,0,0,0,0,0,0,0,0,2012,2,1,0
DHA Phase 8,48000,500,73500000,6,6,1,0,0,0,0,0,0,0,0,0,2014,2,1,0
DHA Phase 8,48000,500,72000000,6,6,1,0,0,0,0,0,0,0,0,0,2014,2,1,0
DHA Phase 8,48000,500,60000000,5,5,1,0,0,0,0,0,0,0,0,0,2012,2,1,0
DHA Phase 8,48000,500,55000000,5,6,0,0,0,0,0,0,0,0,0,0,2012,2,1,0
DHA Phase 8,48000,1000,100000000,6,6,1,0,0,0,0,0,0,0,0,0,2014,2,1,0
DHA Phase 8,48000,1000,17500000,5,5,2,2,0,0,0,0,0,0,0,0,2012,2,Null,0
DHA Phase 8,48000,500,150000000,5,5,2,2,0,0,0,0,0,0,0,0,2012,2,Null,0
DHA Phase 8,48000,1000,175000000,6,6,2,2,0,0,0,0,0,0,0,0,2017,2,Null,0
DHA Phase 8,48000,500,61500000,5,5,0,0,0,0,0,0,0,0,0,0,2012,2,Null,0
DHA Phase 8,48000,500,71000000,6,6,0,0,0,0,0,0,0,0,0,0,2014,2,Null,0
DHA Phase 8,48000,500,72500000,5,5,0,0,0,0,0,0,0,0,0,0,2012,2,Null,0
DHA Phase 8,48000,500,65000000,5,5,0,0,0,0,0,0,0,0,0,0,2012,2,Null,0
DHA Phase 8,48000,1000,99000000,6,6,0,0,0,0,0,0,0,0,0,0,2012,2,Null,0
DHA Phase 8,48000,500,63500000,6,7,1,0,0,0,0,0,0,0,0,0,2014,2,Null,0
DHA Phase 8,48000,500,55000000,4,5,1,0,0,1,0,0,0,0,0,0,2012,2,Null,0
DHA Phase 8,48000,1210,105000000,6,7,0,0,0,0,0,0,0,0,0,0,1970,1,Null,0
DHA Phase 8,48000,1000,105000000,6,7,1,0,0,0,0,0,0,0,0,0,2014,2,Null,0
DHA Phase 8,48000,1000,105000000,6,7,1,0,0,0,0,0,0,0,0,0,2014,2,Null,0
DHA Phase 8,48000,1000,105000000,6,7,1,0,0,0,0,0,0,0,0,0,2014,2,Null,0
DHA Phase 8,48000,1000,105000000,6,7,1,0,0,0,0,0,0,0,0,0,2014,2,Null,0
DHA Phase 8,48000,1000,105000000,6,7,1,0,0,0,0,0,0,0,0,0,2014,2,Null,0
DHA Phase 8,48000,666,110000000,6,6,1,0,0,0,0,0,0,0,0,0,2012,2,Null,0
DHA Phase 8,48000,1000,100000000,6,6,1,0,0,0,0,0,0,0,0,0,2012,2,Null,0
DHA Phase 8,48000,500,42500000,4,4,1,0,0,0,0,0,0,0,0,0,2012,2,Null,0
DHA Phase 8,48000,500,60000000,6,6,1,0,0,0,0,0,0,0,0,0,2012,2,Null,0
DHA Phase 8,48000,500,59500000,6,6,1,0,0,0,0,0,0,0,0,0,2012,2,Null,0
DHA Phase 8,48000,500,44500000,5,5,1,0,0,0,0,0,0,0,0,0,2012,2,Null,0
DHA Phase 8,48000,500,22500000,7,7,0,0,0,0,0,0,0,0,0,0,2014,2,Null,0
DHA Phase 8,48000,500,34000000,6,6,1,4,1,1,0,0,0,0,0,0,2014,2,Null,0
Federal B. Area,24000,250,22500000,6,6,2,2,0,0,0,0,0,0,0,0,2012,2,1,0
Federal B. Area,24000,80,2500000,5,3,2,0,0,0,0,0,0,0,0,0,2011,2,0,0
Federal B. Area,24000,200,20000000,6,3,1,1,0,1,0,0,0,0,0,0,1990,2,0,0
Federal B. Area,24000,400,39500000,6,6,1,1,1,0,0,0,0,0,1,0,1990,2,0,0
Federal B. Area,24000,120,15000000,4,6,0,0,0,0,0,0,0,0,0,0,2016,2,1,1
Federal B. Area,24000,600,50000000,6,5,2,2,0,0,0,0,0,1,1,0,1985,2,0,0
Federal B. Area,24000,120,8500000,3,3,1,0,0,1,0,0,0,0,0,0,2017,2,1,0
Federal B. Area,24000,120,8200000,9,10,3,1,0,0,0,0,0,0,0,0,2005,3,0,0
Federal B. Area,24000,600,26500000,8,6,0,0,0,0,0,0,0,0,0,0,2000,2,0,1
Federal B. Area,24000,120,5500000,2,3,1,0,0,0,0,0,0,0,0,0,2010,1,1,0
Federal B. Area,24000,200,8000000,3,4,1,4,0,0,0,0,0,0,0,0,1989,1,0,0
Federal B. Area,24000,2000,87500000,8,9,2,6,1,1,1,0,0,0,0,0,2010,1,1,0
Federal B. Area,24000,130,8000000,4,4,1,1,0,0,0,0,0,0,0,0,2009,1,0,0
Federal B. Area,24000,120,8000000,4,4,2,1,0,0,0,0,0,0,0,0,2006,2,0,1
Federal B. Area,24000,120,4500000,4,2,1,0,0,0,0,0,0,0,0,0,2009,1,0,0
Federal B. Area,24000,120,6500000,4,4,1,0,0,0,0,0,0,0,0,0,2006,2,0,0
Federal B. Area,24000,300,18000000,4,4,1,2,0,1,0,0,0,0,0,0,1990,2,0,0
Federal B. Area,24000,1000,75000000,6,6,2,3,1,1,1,0,0,0,0,0,2011,2,1,0
Federal B. Area,24000,120,11100000,5,3,2,1,0,0,0,0,0,0,0,0,2009,1,0,1
Federal B. Area,24000,120,6000000,3,2,1,1,0,0,0,0,0,0,0,0,1990,2,0,0
Federal B. Area,24000,120,10000000,6,6,3,2,0,0,0,0,0,0,0,0,2005,3,0,1
Federal B. Area,24000,120,9500000,5,4,1,1,0,0,0,0,0,0,0,0,2006,2,0,1
Federal B. Area,24000,300,29000000,6,6,1,1,1,0,0,0,0,0,0,0,1990,2,1,0
Federal B. Area,24000,666,42000000,5,6,2,5,1,0,0,0,0,0,0,0,2000,2,Null,0
Federal B. Area,24000,120,7500000,2,2,1,0,0,0,0,0,0,0,0,0,2010,1,Null,0
Federal B. Area,24000,200,14000000,3,3,1,0,0,0,0,0,0,0,0,0,2017,2,Null,0
Federal B. Area,24000,200,12500000,3,3,1,0,0,0,0,0,0,0,0,0,2017,2,Null,0
Federal B. Area,24000,400,17000000,3,3,1,2,1,0,0,0,0,0,0,0,1990,2,Null,0
Federal B. Area,24000,120,5500000,3,2,1,0,0,0,0,0,0,0,0,0,2010,2,Null,0
Gulistan-e-Faisal,38400,240,65000000,4,4,1,1,0,0,0,0,0,0,0,0,2005,2,0,0
Gulistan-e-Jauhar,24000,400,36000000,4,5,1,2,1,0,0,1,0,0,1,1,2001,1,0,0
Gulistan-e-Jauhar,24000,240,29000000,6,7,2,1,1,0,0,0,1,0,1,1,2008,2,0,0
Gulistan-e-Jauhar,24000,120,27000000,7,7,4,1,0,1,0,0,0,0,0,0,2016,3,1,0
Gulistan-e-Jauhar,24000,120,7200000,2,2,1,1,1,0,0,0,0,1,1,0,2009,1,0,0
Gulistan-e-Jauhar,24000,120,8700000,5,5,2,0,0,0,0,0,0,0,0,0,2015,1,1,0
Gulistan-e-Jauhar,24000,200,8000000,4,4,1,2,1,0,0,0,0,0,0,0,2010,2,0,0
Gulistan-e-Jauhar,24000,60,5000000,4,3,2,1,0,0,0,0,0,0,0,0,2011,2,0,1
Gulistan-e-Jauhar,24000,288,7500000,5,5,2,2,1,1,0,0,0,0,0,0,2014,2,1,0
Gulistan-e-Jauhar,24000,300,13500000,3,4,1,2,0,0,0,0,0,0,0,0,2014,1,0,0
Gulistan-e-Jauhar,24000,120,3800000,3,3,1,1,0,0,0,0,0,0,0,0,2007,2,0,0
Gulistan-e-Jauhar,24000,240,8000000,4,3,1,2,1,0,0,0,0,0,0,0,1992,1,0,0
Gulistan-e-Jauhar,24000,400,14000000,4,5,3,2,1,1,0,0,0,0,0,0,2012,2,0,0
Gulistan-e-Jauhar,24000,81.6,1975000,2,1,0,0,0,0,0,0,0,0,0,0,2013,1,1,1
Gulistan-e-Jauhar,24000,200,7500000,4,4,1,2,2,0,0,0,0,0,0,0,2010,2,0,1
Gulistan-e-Jauhar,24000,240,8000000,3,4,1,1,0,0,0,0,0,0,0,0,2002,1,0,0
Gulistan-e-Jauhar,24000,180,4000000,7,5,2,0,0,0,0,0,0,0,0,0,2013,2,1,0
Gulistan-e-Jauhar,24000,120,11000000,4,4,1,0,0,1,0,0,0,0,0,0,2013,2,1,0
Gulistan-e-Jauhar,24000,700,40000000,10,10,1,2,1,1,1,0,0,0,0,0,2012,2,0,1
Gulistan-e-Jauhar,24000,202,8000000,4,4,1,0,0,0,0,0,0,0,0,0,2010,2,0,1
Gulistan-e-Jauhar,24000,400,21000000,6,6,2,1,0,1,0,0,0,0,0,0,2014,2,0,0
Gulistan-e-Jauhar,24000,188.2,3500000,3,3,1,1,0,0,0,0,0,0,0,0,2013,2,1,0
Gulistan-e-Jauhar,24000,120,9000000,4,4,2,0,0,1,0,0,0,0,0,0,2013,2,1,0
Gulistan-e-Jauhar,24000,200,20000000,6,6,1,0,0,1,0,0,0,0,0,0,2014,2,1,0
Gulistan-e-Jauhar,24000,240,11000000,3,3,1,0,0,1,0,0,0,0,0,0,2014,2,1,0
Gulistan-e-Jauhar,24000,280,23000000,5,5,1,0,0,1,0,0,0,0,0,0,2014,2,1,0
Gulistan-e-Jauhar,24000,240,21000000,6,6,1,0,0,1,0,0,0,0,0,0,2014,2,1,1
Gulistan-e-Jauhar,24000,200,26500000,4,4,2,0,0,0,0,0,0,0,0,0,2013,2,Null,0
Gulistan-e-Jauhar,24000,202.6,11500000,5,4,2,2,0,0,0,0,0,0,0,0,2010,2,Null,0
Gulistan-e-Jauhar,24000,700,45000000,10,10,1,0,0,1,0,0,0,0,0,0,2014,2,Null,0
Gulistan-e-Jauhar,24000,311.11,7500000,4,4,1,0,0,1,0,0,0,0,0,0,2014,2,Null,0
Gulistan-e-Jauhar,24000,120,11000000,6,6,1,0,0,1,0,0,0,0,0,0,2013,2,Null,0
Gulistan-e-Jauhar,24000,60,5000000,4,3,1,0,0,1,0,0,0,0,0,0,2011,2,Null,1
Gulistan-e-Jauhar,24000,160,11500000,6,4,1,0,0,1,0,0,0,0,0,0,2013,2,Null,0
Gulistan-e-Jauhar,24000,400,6500000,2,1,1,2,1,0,0,0,0,0,0,0,2014,1,Null,0
Gulistan-e-Jauhar,24000,400,22500000,3,3,1,2,1,0,0,0,0,0,0,0,2014,2,Null,0
Gulistan-e-Jauhar,24000,400,22500000,3,3,1,2,1,0,0,0,0,0,0,0,2014,2,Null,0
Gulistan-e-Jauhar 12,24000,60,11500000,6,6,1,0,0,0,0,0,0,0,0,0,2014,3,0,0
Gulistan-e-Jauhar 15,24000,120,35000000,3,3,1,1,0,0,0,0,0,0,0,0,2009,1,0,1
Gulistan-e-Jauhar 15,24000,240,13500000,6,6,2,0,0,0,0,0,0,0,0,0,2009,2,0,0
Gulshan-e-Hadeed,7200,120,11500000,10,7,3,0,0,0,0,0,0,0,0,0,2008,2,0,1
Gulshan-e-Hadeed,7200,120,14000000,8,7,3,1,1,0,0,0,0,0,0,0,2006,3,0,1
Gulshan-e-Hadeed,7200,120,5500000,3,2,1,0,0,0,0,0,0,0,0,0,2004,1,0,1
Gulshan-e-Hadeed,7200,120,9000000,8,5,2,0,0,0,0,0,0,0,0,0,2016,3,0,1
Gulshan-e-Hadeed,7200,120,6000000,4,4,2,1,0,0,0,0,0,0,0,0,1999,1,0,1
Gulshan-e-Hadeed,7200,257,9500000,6,5,3,2,1,0,0,0,0,0,0,0,1995,3,0,1
Gulshan-e-Hadeed,7200,275,12500000,11,6,3,0,0,0,0,0,0,0,0,0,2008,2,0,1
Gulshan-e-Hadeed,7200,275,11500000,11,7,4,0,0,0,0,0,0,0,0,0,2008,2,0,1
Gulshan-e-Hadeed,7200,120,3000000,4,4,2,0,0,0,0,0,0,0,0,0,2004,2,0,1
Gulshan-e-Iqbal,24000,120,30000000,6,6,3,1,0,0,0,0,0,1,1,0,2018,3,1,0
Gulshan-e-Iqbal,24000,120,20000000,6,6,2,1,0,0,0,0,0,0,0,0,2009,2,0,0
Gulshan-e-Iqbal,24000,240,38000000,5,5,2,1,0,0,0,0,0,0,0,0,2004,2,0,0
Gulshan-e-Iqbal,24000,240,16000000,8,8,3,2,0,0,0,0,0,0,0,0,2012,3,1,0
Gulshan-e-Iqbal,24000,180,19000000,3,3,1,1,0,0,0,0,0,0,0,0,2000,2,0,0
Gulshan-e-Iqbal,24000,90,4800000,3,4,2,0,0,0,0,0,0,0,0,0,2005,2,0,1
Gulshan-e-Iqbal,24000,240,18000000,8,8,3,1,0,0,0,0,0,0,0,0,1994,2,0,0
Gulshan-e-Iqbal,24000,90,3700000,6,6,3,0,0,0,0,0,0,0,0,0,2009,2,0,0
Gulshan-e-Iqbal,24000,300,24500000,6,6,2,2,1,1,0,0,0,0,0,0,2012,2,1,0
Gulshan-e-Iqbal,24000,360,18500000,6,7,2,3,0,1,0,0,0,0,0,0,2008,2,0,0
Gulshan-e-Iqbal,24000,380,20000000,6,6,2,3,1,1,0,0,0,0,0,0,2006,2,1,1
Gulshan-e-Iqbal,24000,400,20000000,6,7,2,4,1,1,0,0,0,0,0,0,2006,2,0,0
Gulshan-e-Iqbal,24000,400,25000000,11,11,3,3,0,1,0,0,0,0,0,0,2009,2,0,0
Gulshan-e-Iqbal,24000,120,4500000,2,2,1,1,0,0,0,0,0,0,0,0,2012,1,1,1
Gulshan-e-Iqbal,24000,400,28000000,3,3,1,2,1,1,0,0,0,0,0,1,2000,1,0,0
Gulshan-e-Iqbal,24000,120,15000000,5,6,3,0,0,0,0,0,0,0,0,0,2009,3,0,0
Gulshan-e-Iqbal,24000,240,14200000,6,7,2,2,0,1,0,0,0,0,0,0,2009,2,0,0
Gulshan-e-Iqbal,24000,400,17500000,5,6,3,4,2,1,0,0,0,0,0,0,2006,2,0,1
Gulshan-e-Iqbal,24000,300,55000000,3,3,0,0,0,0,0,0,0,0,0,0,2000,2,Null,0
Gulshan-e-Iqbal,24000,200,7800000,8,6,3,0,0,0,0,0,0,0,0,0,2009,2,Null,0
Gulshan-e-Iqbal,24000,255,10600000,3,3,1,2,1,1,0,0,0,0,0,0,2012,2,Null,0
Gulshan-e-Iqbal,24000,240,14000000,8,7,2,1,0,1,0,0,0,0,0,0,2012,2,Null,0
Gulshan-e-Iqbal,24000,240,11800000,5,4,2,0,0,0,0,0,0,0,0,0,2012,2,Null,0
Gulshan-e-Iqbal,24000,240,13800000,8,8,3,2,0,0,0,0,0,0,0,0,2013,3,0,0
Gulshan-e-Iqbal,24000,240,36000000,6,6,2,1,0,0,0,0,0,0,0,0,1995,2,0,0
Gulshan-e-Iqbal,24000,600,10000000,7,8,2,5,1,1,0,0,0,0,0,0,2014,2,Null,0
Gulshan-e-Iqbal 1,24000,240,25000000,6,6,2,1,1,0,0,0,0,0,0,0,1980,2,0,0
Gulshan-e-Iqbal 1,24000,120,9000000,4,4,2,1,0,0,0,0,0,0,0,0,2012,2,0,0
Gulshan-e-Iqbal 1,24000,240,12000000,5,5,1,2,1,0,0,0,0,0,0,0,1995,2,0,0
Gulshan-e-Iqbal 1,24000,240,12000000,6,6,2,2,0,0,0,0,0,0,0,0,1999,2,0,0
Gulshan-e-Iqbal 1,24000,240,7000000,3,4,1,1,0,0,0,0,0,0,0,0,2016,2,1,0
Gulshan-e-Iqbal 13,24000,140,9000000,3,3,1,1,1,0,0,0,0,0,0,0,2010,1,0,0
Gulshan-e-Iqbal 13,24000,240,7000000,3,3,1,1,0,0,0,0,0,0,0,0,2015,2,1,0
Gulshan-e-Iqbal 13D,24000,240,12500000,4,2,1,1,2,0,0,0,0,0,0,0,2017,2,0,0
Gulshan-e-Iqbal 13D,24000,240,20000000,5,5,1,1,0,0,0,0,0,0,0,0,2008,2,1,0
Gulshan-e-Iqbal 13D,24000,400,17000000,7,7,2,3,1,1,0,0,0,0,0,0,1993,2,0,0
Gulshan-e-Iqbal 13D,24000,240,16000000,6,6,2,1,1,0,0,0,0,0,0,0,2008,2,1,0
Gulshan-e-Iqbal 13D,24000,240,15000000,8,8,2,1,0,1,0,0,0,0,0,0,2005,2,1,0
Gulshan-e-Iqbal 13D,24000,300,12500000,4,5,1,2,1,0,0,0,0,0,0,0,2003,2,1,0
Gulshan-e-Iqbal 13D,24000,233,10500000,3,4,1,1,1,1,0,0,0,0,0,0,2003,2,0,0
Gulshan-e-Iqbal 13D,24000,400,20000000,6,8,3,4,1,0,0,0,0,0,0,0,2006,2,0,0
Gulshan-e-Iqbal 13D,24000,240,13500000,5,6,2,2,1,0,0,0,0,0,0,0,1999,2,0,0
Gulshan-e-Iqbal 13D,24000,140,8500000,5,5,1,1,1,0,0,0,0,0,0,0,2004,2,0,0
Gulshan-e-Iqbal 13D,24000,240,14000000,6,6,2,2,0,1,0,0,0,0,0,0,2004,2,0,0
Gulshan-e-Iqbal 13D,24000,240,17000000,5,5,2,3,0,1,0,0,0,0,0,0,2003,2,0,0
Gulshan-e-Iqbal 13D,24000,400,20000000,7,7,2,3,1,1,0,0,0,0,0,0,1993,2,0,0
Gulshan-e-Iqbal 13D,24000,200,12000000,6,6,2,2,0,0,0,0,0,0,0,0,2004,2,0,0
Gulshan-e-Iqbal 13D,24000,240,29000000,6,6,1,0,0,0,0,0,0,0,0,0,2008,2,Null,0
Gulshan-e-Iqbal 13D,24000,200,11800000,6,6,2,2,1,0,0,0,0,0,0,0,2004,2,Null,0
Gulshan-e-Iqbal 13D,24000,80,5000000,4,4,2,0,0,0,0,0,0,0,0,0,2003,2,Null,0
Gulshan-e-Iqbal 17,48000,500,40000000,4,4,2,4,1,0,0,0,0,0,0,0,2014,2,Null,0
Gulshan-e-Iqbal 17,48000,100,125000000,6,6,1,0,0,0,0,0,0,0,0,0,2014,2,Null,0
Gulshan-e-Iqbal 2,24000,240,12500000,5,5,1,2,0,0,0,0,0,0,0,0,1995,2,0,0
Gulshan-e-Iqbal 2,24000,240,7000000,3,3,1,1,0,0,0,0,0,0,0,0,2018,2,1,0
Gulshan-e-Iqbal 2,24000,300,7000000,3,3,1,0,0,0,0,0,0,0,0,0,2016,2,1,0
Gulshan-e-Iqbal 2,24000,400,55000000,6,6,2,1,1,0,0,0,0,0,0,0,1999,2,0,0
Gulshan-e-Iqbal 3,24000,200,8500000,2,2,1,0,0,0,0,0,0,0,0,0,1980,1,0,0
Gulshan-e-Iqbal 3,24000,240,11300000,3,3,1,1,0,1,0,0,0,0,0,0,1980,1,0,0
Gulshan-e-Iqbal 3,24000,400,15000000,3,4,1,2,0,1,0,0,0,0,0,0,1980,1,Null,0
Gulshan-e-Iqbal 4,24000,600,36000000,9,10,0,0,0,0,0,0,0,0,0,0,1985,3,0,0
Gulshan-e-Iqbal 5,24000,240,16000000,8,7,2,2,1,1,0,0,0,0,0,0,2010,3,1,0
Gulshan-e-Iqbal 5,24000,240,15500000,8,9,3,4,0,1,0,0,0,0,0,0,2011,3,1,1
Gulshan-e-Iqbal 5,24000,600,31000000,6,5,1,4,1,1,0,0,0,0,0,0,2010,2,0,0
Gulshan-e-Iqbal 6,24000,400,27500000,7,8,2,4,1,1,0,0,0,0,0,0,2012,2,1,0
Gulshan-e-Iqbal 6,24000,120,9500000,5,5,2,0,0,0,0,0,0,1,1,0,2015,3,1,0
Gulshan-e-Iqbal 6,24000,128,6500000,4,5,1,1,0,0,0,0,0,0,0,0,2007,2,1,0
Gulshan-e-Iqbal 6,24000,145,5000000,4,5,3,1,1,0,0,0,0,0,0,0,2013,1,1,0
Gulshan-e-Iqbal 6,24000,1000,38000000,9,10,3,3,1,1,0,0,0,0,0,0,2012,1,0,1
Gulshan-e-Iqbal 6,24000,260,9000000,3,3,1,0,1,0,0,0,0,0,0,0,2013,1,0,1
Gulshan-e-Iqbal 6,24000,120,11500000,6,6,3,1,0,0,0,0,0,0,0,0,1997,2,0,0
Gulshan-e-Iqbal 6,24000,300,30000000,6,6,0,0,0,0,0,0,0,0,0,0,1997,2,Null,0
Gulshan-e-Iqbal 6,24000,600,26500000,4,4,1,3,1,0,0,0,0,0,0,0,1997,2,Null,0
Gulshan-e-Iqbal 7,38400,500,18500000,5,5,1,4,1,1,0,0,0,0,0,0,1990,2,0,0
Gulshan-e-Iqbal 7,38400,600,27500000,4,4,1,3,1,0,0,0,0,0,0,0,1990,2,Null,0
Gulshan-e-Jamal,24000,120,8000000,7,10,6,2,2,0,0,0,0,0,0,0,1969,3,0,1
Gulshan-e-Jamal,24000,300,37500000,6,6,2,4,1,0,0,0,0,1,0,1,2006,2,0,0
Gulshan-e-Jamal,24000,605,34900000,5,5,1,1,1,0,0,0,0,0,0,0,2014,1,1,0
Gulshan-e-Jamal,24000,500,45000000,5,5,1,2,1,1,0,0,0,0,0,0,2014,2,1,0
Gulshan-e-Jamal,24000,500,40000000,5,5,1,0,0,1,0,0,0,0,0,0,2006,2,Null,0
Gulshan-e-Maymar,7200,240,12000000,3,3,1,2,1,0,0,0,0,0,0,0,2016,1,1,0
Gulshan-e-Maymar,7200,145,7500000,3,3,1,1,0,0,0,0,0,0,0,0,2014,1,0,1
Gulshan-e-Maymar,7200,120,3500000,2,2,1,1,1,0,0,0,0,0,0,0,2007,1,0,1
Gulshan-e-Maymar,7200,120,8500000,3,3,1,1,1,0,0,0,0,0,0,0,2014,2,1,0
Gulshan-e-Maymar,7200,211,6000000,7,6,2,1,0,0,0,0,0,0,0,0,2006,2,0,0
Gulshan-e-Maymar,7200,200,5500000,3,3,1,2,1,0,0,0,0,0,0,0,2018,2,1,0
Gulshan-e-Maymar,7200,233,5500000,4,3,0,0,0,0,0,0,0,0,0,0,2005,1,0,1
Gulshan-e-Maymar,7200,120,8500000,3,3,1,1,1,0,0,0,0,1,0,0,2018,2,1,0
Gulshan-e-Maymar,7200,120,8500000,3,3,1,1,1,0,0,0,0,0,0,0,2014,2,1,0
Gulshan-e-Maymar,7200,120,3950000,4,4,2,2,0,0,0,0,0,0,0,0,2014,2,0,1
Gulshan-e-Maymar,7200,217,8000000,6,6,2,0,0,0,0,0,0,0,0,0,2014,2,Null,0
Gulshan-e-Maymar,7200,200,6000000,5,5,1,0,0,0,0,0,0,0,0,0,2014,2,Null,0
Gulshan-e-Maymar,7200,240,5500000,3,3,1,0,0,0,0,0,0,0,0,0,2014,2,Null,0
Gulshan-e-Maymar,7200,120,3600000,2,2,1,0,0,0,0,0,0,0,0,0,2014,1,Null,1
Gulshan-e-Maymar,7200,200,5700000,3,3,1,0,0,0,0,0,0,0,0,0,2014,2,Null,0
Gulshan-e-Maymar,7200,120,3500000,2,2,1,0,0,0,0,0,0,0,0,0,2014,1,Null,1
Gulshan-e-Maymar,7200,120,3000000,2,3,1,0,0,0,0,0,0,0,0,0,2014,1,Null,1
Gulshan-e-Maymar,7200,200,5500000,3,3,1,1,1,0,0,0,0,0,0,0,2014,2,Null,0
Gulshan-e-Maymar,7200,200,6500000,3,3,1,1,1,0,0,0,0,0,0,0,2014,2,Null,0
Gulshan-e-Iqbal 4,24000,72,5500000,7,5,4,1,1,1,1,0,0,0,0,0,1995,3,0,0
Gulshan-e-Iqbal 4,24000,311,19500000,10,10,2,1,0,0,0,0,0,0,0,0,1998,2,0,0
Gulshan-e-Iqbal 4,24000,60,5500000,7,5,4,1,0,0,0,0,0,0,0,0,1999,3,0,1
Gulshan-e-Iqbal 17,48000,600,36500000,5,6,2,5,1,1,0,0,0,0,0,0,1978,2,0,1
Jamshed Quarter,38400,45,3800000,6,6,4,2,0,0,0,0,0,0,0,0,2001,3,0,0
Jamshed Quarter,38400,450,3200000,4,4,4,0,0,0,0,0,0,0,0,0,2004,3,0,0
Jamshed Quarter,38400,100,5500000,3,2,1,0,0,0,0,0,0,0,0,0,2004,2,0,0
Jamshed Quarter,38400,120,15000000,8,4,4,1,0,0,0,0,0,0,0,0,2004,2,0,0
KDA,48000,47.16,2750000,1,1,1,0,0,0,0,0,0,0,0,0,2005,2,0,0
KDA,48000,627,60000000,5,5,1,3,0,1,0,0,0,0,0,0,1980,2,0,0
KDA,48000,500,45000000,5,6,2,3,1,1,0,0,0,0,0,0,2012,2,1,0
KDA,48000,320,41000000,5,6,1,2,1,0,0,0,0,0,0,0,2014,2,0,0
KDA,48000,320,42500000,5,6,1,2,1,0,0,0,0,0,0,0,2014,2,1,0
KDA,48000,515,33000000,4,4,1,4,1,1,0,0,0,0,0,0,1980,2,0,0
KDA,48000,1000,65000000,3,3,1,0,0,0,0,0,0,0,0,0,1980,2,0,0
KDA,48000,1250,75000000,8,8,0,0,0,0,0,0,0,0,0,0,1970,2,Null,0
KDA,48000,1350,62100000,7,7,2,6,3,1,0,0,0,0,0,0,1988,2,Null,0
KDA,48000,308,22500000,6,6,2,3,1,0,0,0,0,0,0,0,2014,2,Null,0
Korangi,4800,300,6500000,3,3,1,1,0,0,0,0,0,0,0,0,2005,3,0,1
Korangi,4800,112,10500000,7,7,4,0,0,0,0,0,0,0,0,0,2005,4,0,1
Korangi,4800,120,10000000,8,10,0,0,0,0,0,0,0,0,0,0,1985,2,0,0
Korangi,4800,125,9500000,2,3,1,0,0,0,0,0,0,0,1,0,2018,1,1,0
Korangi,4800,145,2595000,2,2,1,1,0,0,0,0,0,0,0,0,2016,1,0,0
Korangi,4800,80,5800000,3,3,1,0,0,0,0,0,0,0,0,0,2005,2,0,0
Korangi,4800,120,6200000,2,3,1,1,0,1,0,0,0,0,0,0,2005,1,0,1
Korangi,4800,300,8000000,4,2,1,0,0,0,0,0,0,0,0,0,2005,2,0,0
Korangi,4800,67.5,1975000,2,1,1,0,0,0,0,0,0,0,0,0,2012,1,1,1
Korangi,4800,60,3000000,2,2,2,0,0,0,0,0,0,0,0,0,2016,1,Null,0
Korangi,4800,120,3900000,2,2,1,1,0,0,0,0,0,0,0,0,2016,1,Null,0
Landhi,7200,160,6000000,4,3,1,1,0,0,0,0,0,0,0,0,2012,1,0,1
Landhi,7200,120,2700000,5,2,2,0,0,0,0,0,0,0,0,0,2005,2,0,0
Landhi,7200,160,5500000,3,3,1,1,0,0,0,0,0,0,0,0,2013,1,0,0
Landhi,7200,120,9000000,7,7,2,2,1,1,0,0,0,0,0,0,2013,3,1,1
Landhi,7200,160,6000000,4,3,0,1,0,0,0,0,0,0,0,0,2012,1,1,1
Landhi,7200,120,6500000,6,8,3,1,0,0,0,0,0,0,0,0,2013,3,0,1
Landhi,7200,100,9500000,3,2,2,1,0,0,0,0,0,0,0,0,2013,2,Null,0
Liaqatabad,4800,80,4000000,4,2,1,0,0,0,0,0,0,0,0,0,1989,1,0,0
Liaqatabad,4800,120,3000000,2,3,1,1,0,0,0,0,0,0,0,0,1989,4,0,1
Liaqatabad,4800,200,12000000,8,4,4,0,0,0,0,0,0,0,0,0,1989,1,0,0
Liaqatabad,4800,105,1800000,4,2,2,0,0,0,0,0,0,0,0,0,1989,1,0,1
M.A. Jinnah Road,38400,181.5,2600000,5,3,1,0,0,0,0,0,0,0,0,0,1969,2,0,0
Malir Cantonment,13200,400,26000000,3,6,1,2,1,1,0,0,0,1,1,0,2017,1,1,0
Malir Cantonment,13200,400,25000000,3,4,1,2,1,1,0,1,1,1,1,0,2016,1,1,0
Malir Cantonment,13200,500,60000000,6,6,4,2,1,1,0,0,0,0,0,0,2016,1,1,0
Malir Cantonment,13200,605,36000000,5,6,0,3,1,1,0,0,0,0,0,0,2015,2,1,0
Malir Cantonment,13200,423.5,30000000,4,4,1,2,1,1,0,0,0,0,0,0,2015,2,1,0
Malir Cantonment,13200,500,36500000,5,5,0,0,0,0,0,0,0,0,0,0,2014,2,1,0
Malir Cantonment,13200,240,13000000,5,5,2,1,1,0,0,0,0,0,0,0,1992,2,0,0
Malir Cantonment,13200,444,15000000,3,3,1,6,2,1,1,0,0,0,0,0,2015,2,1,0
Malir Cantonment,13200,120,7000000,2,2,1,1,1,0,0,0,0,1,1,1,2018,1,0,0
Malir Cantonment,13200,60,4700000,5,4,3,0,0,0,0,0,0,0,0,0,2014,3,0,1
Malir City,4800,256,25000000,3,4,1,1,1,1,0,0,0,0,0,0,2010,2,1,0
Malir City,4800,250,17000000,8,9,3,3,0,1,0,0,0,0,0,0,2012,3,1,1
Malir City,4800,72.6,1900000,4,2,2,0,0,0,0,0,0,0,0,0,2010,2,1,0
Malir City,4800,350,28000000,4,5,1,2,1,0,0,0,0,0,0,0,2014,2,1,0
Malir City,4800,500,7500000,4,3,1,2,1,0,0,0,0,0,0,0,1999,1,0,1
Malir City,4800,45,650000,2,1,1,0,0,0,0,0,0,0,0,0,2012,2,1,0
Malir City,4800,80,4000000,4,3,1,0,0,0,0,0,0,0,0,0,1990,1,0,0
Malir City,4800,120,5000000,4,5,1,1,0,0,0,0,0,0,0,0,2005,1,0,1
Malir City,4800,484,29500000,5,5,1,3,1,1,0,0,0,0,0,0,2017,2,0,0
Malir City,4800,350,52500000,5,5,2,1,1,0,0,0,0,0,0,0,2013,2,1,0
Malir City,4800,350,30000000,4,4,1,2,1,1,0,1,1,1,1,0,2016,2,1,1
Malir City,4800,500,85000000,5,6,1,3,1,0,0,0,0,0,0,0,1994,2,0,0
Malir City,4800,598,37000000,5,5,0,2,1,0,0,0,0,0,0,0,2014,2,1,0
Malir City,4800,375,28500000,4,5,1,3,2,0,0,0,0,0,0,0,2014,1,1,0
Malir City,4800,350,27500000,4,4,1,3,1,1,0,0,0,0,0,0,2015,2,1,0
Malir City,4800,350,31500000,4,5,1,2,1,0,0,0,0,0,0,0,2011,2,0,0
Malir City,4800,500,36000000,5,5,1,2,1,0,0,0,0,0,0,0,2014,2,1,1
Malir City,4800,350,28500000,4,4,1,2,1,0,0,0,0,0,0,0,2014,2,1,0
Malir City,4800,423.5,60000000,4,5,1,2,2,0,0,0,0,0,0,0,2014,2,1,0
Malir City,4800,500,36000000,5,7,1,4,1,1,0,0,0,0,0,0,2014,2,1,0
Malir City,4800,350,28500000,4,5,1,3,1,1,0,0,0,0,0,0,2014,2,1,0
Malir City,4800,500,75000000,5,5,2,2,1,1,0,0,0,0,0,0,2014,2,1,0
Malir City,4800,96,3500000,8,4,3,0,0,0,0,0,0,0,0,0,2000,6,0,1
Malir City,4800,120,4500000,2,2,0,0,0,0,0,0,0,0,0,0,2005,1,0,1
Malir City,4800,130,8000000,2,2,1,0,0,0,0,0,0,0,0,0,2010,1,0,1
Malir City,4800,200,22500000,4,4,1,1,0,0,0,0,0,0,0,0,2014,2,1,0
Malir City,4800,500,60000000,5,5,0,0,0,0,0,0,0,0,0,0,2011,2,0,0
Malir City,4800,133,5200000,2,3,1,0,0,0,0,0,0,0,0,0,2005,1,0,1
Malir City,4800,500,55000000,5,4,0,0,0,0,0,0,0,0,0,0,2014,2,1,0
Malir City,4800,500,55000000,3,3,1,0,0,0,0,0,0,0,0,0,2010,2,Null,0
Malir City,4800,100,3000000,2,2,1,0,0,0,0,0,0,0,0,0,2010,1,Null,1
Malir City,4800,200,19000000,5,5,1,0,0,0,0,0,0,0,0,0,2014,2,Null,0
Malir City,4800,120,8000000,4,4,1,0,0,0,0,0,0,0,0,0,2014,2,Null,0
Malir City,4800,120,15000000,4,4,1,1,0,0,0,0,0,0,0,0,2014,2,Null,0
Model Colony,13200,416,30000000,11,8,1,4,0,0,0,0,0,0,1,0,2014,3,1,0
Model Colony,13200,120,7000000,2,2,1,1,0,0,0,0,0,0,0,0,2002,1,1,1
Model Colony,13200,240,100000,4,4,2,1,1,0,0,0,0,0,0,0,2002,1,0,0
Model Colony,13200,1250,90000000,11,11,3,6,1,1,0,0,0,0,0,0,2010,3,0,0
Nazimabad,24000,400,80000000,6,6,2,2,0,0,0,0,0,0,0,0,2004,2,0,0
Nazimabad,24000,120,3695000,2,2,1,0,0,0,0,0,1,1,1,0,2016,1,1,0
Nazimabad,24000,120,3695000,2,2,1,0,1,0,0,0,1,1,1,0,2016,1,1,0
Nazimabad,24000,488,32500000,5,3,2,2,1,1,0,0,0,0,0,0,1975,2,0,0
Nazimabad,24000,38,1700000,2,2,1,0,0,0,0,0,0,0,0,0,2009,3,0,1
Nazimabad,24000,133,9500000,3,3,0,0,1,0,0,0,0,0,0,0,1970,2,0,0
Nazimabad,24000,233.33,8000000,3,3,1,1,0,0,0,0,0,0,0,0,2011,2,1,0
Nazimabad,24000,133,7800000,5,3,1,0,0,0,0,0,0,0,0,0,1970,1,0,1
Nazimabad,24000,600,27500000,4,4,1,3,1,0,0,0,0,0,0,0,1975,2,Null,0
North Karachi,7200,140,7500000,4,4,2,1,0,0,0,0,0,0,0,0,1980,2,0,1
North Karachi,7200,80,4800000,2,4,2,0,0,0,0,0,0,0,0,0,1993,2,0,1
North Karachi,7200,240,22500000,6,7,2,0,0,0,0,0,0,0,0,0,2015,2,1,1
North Karachi,7200,96.8,2800000,6,4,1,0,0,0,0,0,0,0,0,0,2007,2,0,0
North Karachi,7200,120,9500000,6,6,3,1,0,0,0,0,0,0,0,0,2005,3,0,1
North Karachi,7200,60,3500000,4,2,2,0,0,0,0,0,0,0,0,0,2009,2,0,0
North Karachi,7200,400,22000000,7,5,0,0,0,0,0,0,0,0,0,0,1980,2,0,1
North Karachi,7200,120,1600000,3,2,1,1,0,0,0,0,0,0,0,0,2012,1,1,0
North Karachi,7200,90,1900000,4,3,2,0,0,0,0,0,0,0,0,0,2004,2,0,0
North Karachi,7200,60,3200000,6,3,3,0,0,0,0,0,0,0,0,0,2009,3,0,0
North Nazimabad,24000,172,9800000,3,4,1,0,0,0,0,0,0,0,0,0,2016,2,1,0
North Nazimabad,24000,120,3000000,2,2,1,0,0,0,0,0,0,0,0,0,2010,3,0,1
North Nazimabad,24000,200,7500000,5,5,0,1,0,0,0,0,0,0,0,0,1982,2,0,0
North Nazimabad,24000,500,40000000,5,6,2,2,2,1,0,0,0,0,0,0,1986,2,0,1
North Nazimabad,24000,400,11500000,3,3,1,2,1,0,0,0,0,0,0,0,1997,1,0,0
North Nazimabad,24000,400,11500000,3,3,1,2,1,0,0,0,0,0,0,0,1997,1,0,0
North Nazimabad,24000,400,14500000,5,5,0,0,0,0,0,0,0,0,0,0,1982,3,0,0
North Nazimabad,24000,240,15000000,6,5,3,1,0,0,0,0,0,0,0,0,1974,1,0,0
North Nazimabad,24000,400,11500000,3,3,1,2,1,0,0,0,0,0,0,0,1997,1,0,0
North Nazimabad,24000,400,16500000,6,5,2,3,0,1,0,0,0,0,0,0,1988,2,0,0
North Nazimabad,24000,256,8000000,3,3,1,1,0,0,0,0,0,0,0,0,2010,2,0,0
North Nazimabad,24000,233.33,15000000,6,6,2,1,0,0,0,0,0,0,0,0,2010,2,0,1
North Nazimabad,24000,425,26000000,3,3,1,2,1,0,0,0,0,0,0,0,1997,1,0,0
North Nazimabad,24000,750,27500000,5,5,2,3,1,0,0,0,0,0,0,0,1988,2,0,1
North Nazimabad,24000,175,9200000,3,3,1,0,0,0,0,0,0,0,0,0,2016,2,Null,0
North Nazimabad,24000,400,9500000,3,3,1,0,0,0,0,0,0,0,0,0,2010,2,Null,0
North Nazimabad block pqst,24000,120,7000000,5,4,2,1,0,0,0,0,0,0,0,0,2001,2,0,0
North Nazimabad block pqst,24000,240,8500000,3,4,1,1,0,0,0,0,0,0,0,0,2001,1,0,0
North Nazimabad block pqst,24000,120,11000000,2,2,1,1,0,0,0,0,0,0,0,0,2001,1,0,1
Orangi Town,4800,200,5500000,4,4,2,0,0,0,0,0,0,0,0,0,1990,2,0,0
Orangi Town,4800,130,4000000,8,5,3,0,0,1,0,0,0,0,0,0,1991,2,1,0
Orangi Town,4800,120,799900,4,2,1,1,0,0,0,0,0,0,0,0,1990,1,0,0
Pakistan Employees Cooperative Housing Society,48000,350,42500000,5,5,1,2,1,0,0,0,0,0,0,0,2014,2,1,0
Pakistan Employees Cooperative Housing Society,48000,230,28000000,5,5,1,3,0,0,0,0,0,0,0,0,2014,2,1,0
Pakistan Employees Cooperative Housing Society,48000,400,32500000,4,5,2,1,1,1,0,0,0,0,0,0,2016,2,1,0
Pakistan Employees Cooperative Housing Society,48000,750,60000000,7,7,2,6,1,1,0,0,0,0,0,0,1980,2,0,0
Pakistan Employees Cooperative Housing Society,48000,400,35000000,8,10,2,3,0,1,0,0,0,0,0,0,1984,2,0,0
Pakistan Employees Cooperative Housing Society,48000,165,15500000,4,4,1,2,0,0,0,0,0,0,0,0,2012,2,0,0
Pakistan Employees Cooperative Housing Society,48000,300,23500000,5,5,1,2,1,0,0,0,0,0,0,0,1995,2,0,1
Pakistan Employees Cooperative Housing Society,48000,250,27500000,6,8,2,2,0,0,0,0,0,0,0,0,2014,2,1,0
Pakistan Employees Cooperative Housing Society,48000,250,27500000,6,8,2,2,0,0,0,0,0,0,0,0,2014,2,1,0
Pakistan Employees Cooperative Housing Society,48000,200,22500000,4,3,1,0,1,0,0,0,0,0,0,0,2011,2,1,0
Pakistan Employees Cooperative Housing Society,48000,275,9204500,3,3,1,1,1,1,1,1,1,1,1,1,2018,1,1,0
Pakistan Employees Cooperative Housing Society,48000,300,13000000,4,4,1,1,0,0,0,0,0,0,0,0,2000,2,0,0
Pakistan Employees Cooperative Housing Society,48000,200,35000000,4,3,0,1,0,0,0,0,0,0,0,0,2012,1,0,0
Pakistan Employees Cooperative Housing Society,48000,1000,200000000,11,7,0,0,0,0,0,0,0,0,0,0,2017,2,0,0
Pakistan Employees Cooperative Housing Society,48000,300,21000000,6,6,2,0,0,0,0,0,0,0,0,0,2014,2,0,0
Pakistan Employees Cooperative Housing Society,48000,300,25000000,6,6,0,4,0,1,0,0,0,0,0,0,1995,2,0,1
Pakistan Employees Cooperative Housing Society,48000,600,30000000,8,8,1,4,1,0,0,0,0,0,0,0,2014,2,Null,0
Pakistan Employees Cooperative Housing Society,48000,1000,30000000,7,7,1,6,1,1,0,0,0,0,0,0,1980,2,Null,0
Scheme 33,7200,120,10000000,5,5,1,1,0,0,0,0,0,1,1,0,2017,1,1,0
Scheme 33,7200,600,60000000,5,8,2,3,1,1,0,1,1,1,1,1,2016,2,1,0
Scheme 33,7200,120,6500000,2,3,1,1,0,0,0,0,0,0,0,0,2005,1,0,0
Scheme 33,7200,120,4750000,4,4,1,1,1,0,0,0,0,0,0,0,2015,2,1,0
Scheme 33,7200,240,10500000,5,3,1,0,0,0,0,0,0,0,0,0,2015,1,1,0
Scheme 33,7200,120,3800000,6,6,0,1,0,0,0,0,0,0,0,0,2005,3,0,0
Scheme 33,7200,240,9000000,6,6,1,0,0,1,0,0,0,0,0,0,2015,2,1,0
Scheme 33,7200,484,35500000,3,3,1,1,0,0,0,0,0,0,0,0,2015,2,Null,0
Scheme 33,7200,150,7500000,5,5,1,0,0,1,0,0,0,0,0,0,2015,2,Null,0
Scheme 33,7200,200,7500000,4,4,1,0,0,1,0,0,0,0,0,0,2015,2,Null,0
Shah Faisal Colony,4800,80,720000,3,3,1,0,0,0,0,0,0,0,0,0,2011,2,0,0
Shah Faisal Colony,4800,80,9000000,5,3,3,0,0,0,0,0,0,0,0,0,1980,2,0,0
Shah Faisal Colony,4800,80,9900000,11,8,4,0,0,0,0,0,0,0,0,0,2014,4,1,1
Shah Faisal Town,13200,120,5000000,5,5,2,0,0,0,0,0,0,0,0,0,2000,2,0,0
Shah Faisal Town,13200,120,6500000,2,2,1,1,0,0,0,0,0,0,0,0,2017,1,1,0
Shah Faisal Town,13200,200,15000000,4,4,0,0,0,0,0,0,0,0,0,0,2000,2,Null,0
Shah Latif Town,3600,8.89,2500000,4,2,1,0,0,0,0,0,0,0,0,0,2012,1,1,0
Shahra-e-Faisal,38400,125,6642000,3,3,1,1,1,1,1,1,1,1,1,1,2018,3,1,1
Shahra-e-Faisal,38400,125,6642000,3,3,1,1,1,0,0,0,0,1,1,1,2018,1,1,0
Shahra-e-Faisal,38400,125,6642000,3,3,1,1,1,0,0,0,0,1,1,1,2018,1,1,0
Shahra-e-Faisal,38400,275,9204500,3,3,1,6,1,1,1,1,1,1,1,1,2018,2,1,0
Shahra-e-Faisal,38400,125,6642000,3,3,1,6,1,1,1,1,1,1,1,1,2018,2,1,1
Shahra-e-Faisal,38400,155,5000000,5,3,0,0,0,0,0,0,0,0,0,0,2018,2,0,0
Shahra-e-Faisal,38400,120,15000000,8,4,4,1,0,0,0,0,0,0,0,0,2018,2,0,0
Sindhi Muslim Society,48000,1200,120000000,10,11,0,0,0,0,0,0,0,0,0,0,1985,2,0,0
Surjani Town,3600,101.64,3500000,4,2,2,0,0,0,0,0,0,0,0,0,2009,2,1,1
Surjani Town,3600,120,2750000,2,2,1,1,0,0,0,0,0,0,0,0,2014,1,1,0
Surjani Town,3600,60,900000,2,1,1,0,0,0,0,0,0,0,0,0,2014,1,1,0
Surjani Town,3600,64,750000,2,2,1,5,0,0,0,0,0,0,0,0,2012,1,1,0
